,Sensor Ext 1,,,,,,Sensor Int 1,,,,,,Sensor Int 2,,,
Time,Temperature,Humidity,CO2,VOC,CO,Particulate,Temperature,Humidity,CO2,VOC,CO,Particulate,Temperature,Humidity,CO2,Printer Status
10:40:13,22.57,40.13,566,131,4.8,26,27.56,59.69,510,93,3.41,15,26.41,50.86,410,PAUSED
10:41:13,19.08,48.4,402,125,2.14,45,20.63,30.51,566,192,3.95,14,25.97,32.94,478,PRINTING
10:42:13,23.84,58.64,569,316,4.86,46,27.39,38.72,398,262,3.51,40,26.29,45.69,405,IDLE
10:43:13,19.68,52.78,391,331,4.33,47,23.59,55.88,558,381,2.39,40,26.79,42.36,468,PRINTING
10:44:13,22.14,48.15,487,496,0.42,34,27.81,51.63,431,59,2.52,39,22.97,59.59,444,ERROR
10:45:13,23.23,53.19,569,101,3.54,4,21.55,32.25,540,433,3.84,29,20.84,38.31,385,ERROR
10:46:13,18.17,34.03,403,30,2.32,15,23.46,51.57,573,106,4.14,35,24.75,58.25,544,PAUSED
10:47:13,24.39,48.55,451,147,1.71,13,19.32,39.13,544,444,0.52,33,22.01,49.8,500,IDLE
10:48:13,22.57,33.47,501,164,1.98,21,19.85,57.27,462,189,4.67,5,26.57,44.29,435,ERROR
10:49:13,23.28,55.51,464,21,2.93,49,25.86,30.49,477,306,2.57,33,20.86,56.92,445,ERROR
10:50:13,22.7,58.7,405,497,3.36,31,23.18,57.42,396,109,0.06,21,27.6,30.68,408,ERROR
10:51:13,18.57,45.49,404,322,0.79,28,27.8,59.74,487,201,0.08,31,23.71,38.25,526,IDLE
10:52:13,21.02,55.29,563,395,1.65,17,18.72,44.53,505,189,1.44,17,27.85,30.93,480,PRINTING
10:53:13,22.96,46.99,581,470,0.33,8,23.82,57.35,478,368,4.58,9,21.27,46.11,517,PAUSED
10:54:13,21.22,38.54,524,49,0.49,50,26.8,43.05,486,31,2.23,30,23.56,59.99,535,PRINTING
10:55:13,24.86,30.7,514,0,2.61,36,22.22,32.45,412,394,2.8,42,21.76,46.18,474,PAUSED
10:56:13,21.14,35.67,596,145,2.0,10,19.7,46.04,556,427,2.13,18,26.63,44.41,485,IDLE
10:57:13,20.84,33.06,527,151,1.68,31,22.3,52.73,480,398,0.26,6,22.18,40.45,556,IDLE
10:58:13,22.6,49.73,442,419,3.67,18,26.52,42.32,499,50,3.21,39,21.68,53.95,507,IDLE
10:59:13,22.46,57.56,589,469,1.9,41,,,,,,,22.85,55.88,563,IDLE
11:00:13,21.92,51.73,539,8,1.63,46,20.73,56.36,523,163,4.65,6,25.43,47.64,574,PRINTING
11:01:13,,,,,,,23.96,33.4,460,367,2.13,36,24.98,55.21,491,PRINTING
11:02:13,26.44,39.49,441,34,2.95,9,27.15,47.44,506,417,3.67,45,21.53,34.32,503,PRINTING
11:03:13,22.4,35.42,408,10,3.98,41,,,,,,,22.42,54.06,566,PRINTING
11:04:13,26.04,47.32,595,94,0.4,29,25.77,38.41,537,18,0.48,13,25.66,35.29,469,IDLE
11:05:13,,,,,,,19.82,50.48,410,174,3.1,21,26.83,39.31,421,PRINTING
11:06:13,23.42,41.26,491,215,2.0,14,21.42,43.75,437,421,4.17,21,24.2,42.38,499,IDLE
11:07:13,19.28,55.45,429,127,3.99,46,18.7,34.7,530,24,0.21,29,22.96,34.24,395,ERROR
11:08:13,25.03,52.39,513,167,1.42,47,22.67,50.38,566,341,2.9,18,23.72,52.6,479,IDLE
11:09:13,27.88,56.48,397,350,3.21,35,25.23,53.72,410,80,4.62,35,24.09,52.41,502,PRINTING
11:10:13,27.95,44.5,491,333,3.82,31,20.58,48.47,574,164,1.44,43,20.87,48.93,452,PAUSED
11:11:13,27.14,36.63,396,374,2.24,16,24.37,42.01,478,237,0.5,35,21.86,33.09,452,PAUSED
11:12:13,26.61,30.41,457,202,1.15,8,21.82,30.71,583,238,0.98,33,18.6,44.39,593,ERROR
11:13:13,20.57,55.13,456,393,0.66,21,19.94,43.67,570,35,4.06,16,24.91,49.29,461,IDLE
11:14:13,22.44,40.72,590,236,2.07,35,18.64,30.68,479,435,1.0,6,24.85,47.09,410,ERROR
11:15:13,18.35,31.42,493,343,4.96,17,27.99,50.6,580,197,1.72,39,21.57,31.6,467,PAUSED
11:16:13,25.22,39.73,581,456,4.18,9,26.82,51.24,470,250,4.25,49,18.94,49.02,414,PRINTING
11:17:13,18.48,50.47,566,247,2.93,37,19.11,30.34,422,263,3.89,2,25.31,48.89,381,ERROR
11:18:13,26.1,36.67,562,297,0.05,26,,,,,,,21.83,45.08,543,IDLE
11:19:13,25.06,31.14,478,379,0.42,40,24.4,59.17,426,220,1.32,22,,,,IDLE
11:20:13,21.35,39.47,451,32,1.41,24,24.42,31.38,461,495,0.11,43,27.7,42.86,578,PRINTING
11:21:13,27.76,31.18,448,280,0.38,49,25.03,59.5,465,54,2.96,11,26.9,36.44,572,ERROR
11:22:13,,,,,,,24.28,55.92,581,380,4.57,21,27.83,42.1,582,IDLE
11:23:13,18.49,53.1,475,355,4.03,37,22.43,53.52,402,439,2.4,45,24.31,53.81,491,PRINTING
11:24:13,19.44,56.28,420,271,2.55,12,25.26,30.43,504,470,2.22,49,18.8,46.79,500,IDLE
11:25:13,24.46,37.16,575,411,0.19,36,23.05,56.1,599,161,4.89,48,20.18,37.88,513,IDLE
11:26:13,21.46,46.4,479,89,0.78,48,20.07,53.52,493,83,1.98,10,18.59,55.45,430,PRINTING
11:27:13,27.49,36.1,438,113,2.63,24,21.11,57.78,454,215,2.92,3,26.4,41.47,508,PRINTING
11:28:13,24.17,39.26,456,166,1.04,9,24.02,55.47,421,83,2.0,3,18.83,31.78,543,PAUSED
11:29:13,,,,,,,18.05,45.99,464,61,2.15,29,25.92,34.12,408,ERROR
11:30:13,18.13,35.07,593,281,3.13,43,24.23,43.47,545,80,0.68,22,21.15,43.99,444,ERROR
11:31:13,20.69,56.61,526,416,3.9,21,21.68,43.35,463,169,3.12,22,25.87,39.27,418,IDLE
11:32:13,,,,,,,19.61,53.39,414,248,2.95,42,21.18,53.25,569,ERROR
11:33:13,24.33,31.99,489,385,3.29,25,19.76,41.19,459,494,4.78,45,22.07,39.64,423,PRINTING
11:34:13,22.04,56.89,572,300,1.72,11,21.77,42.59,417,428,2.63,31,24.75,57.0,550,PAUSED
11:35:13,19.09,37.32,540,238,0.87,11,20.76,50.69,595,348,1.93,0,26.35,51.67,404,IDLE
11:36:13,22.43,45.75,595,111,1.83,32,,,,,,,19.45,40.94,402,IDLE
11:37:13,18.48,37.05,459,458,4.68,30,18.37,31.81,535,70,2.36,47,24.75,45.52,441,PRINTING
11:38:13,23.01,36.14,471,458,0.48,43,25.33,43.58,593,19,1.49,28,23.72,39.66,521,PAUSED
11:39:13,27.35,47.31,575,61,0.06,13,25.82,58.5,481,101,2.11,15,27.84,31.95,498,IDLE
11:40:13,,,,,,,23.97,43.81,599,162,3.35,46,19.35,52.47,568,ERROR
11:41:13,26.66,51.64,387,476,4.02,8,24.83,54.29,395,478,3.07,43,22.55,30.07,432,IDLE
11:42:13,27.4,30.11,517,397,3.19,3,22.86,34.33,497,485,3.93,37,19.07,52.89,468,ERROR
11:43:13,22.87,45.85,596,66,3.65,45,27.35,41.75,527,5,4.17,11,27.61,51.11,397,PAUSED
11:44:13,18.77,48.75,381,388,3.33,49,23.23,32.5,556,48,1.76,18,22.76,42.25,407,PAUSED
11:45:13,27.75,34.31,419,160,1.33,7,26.19,48.72,575,290,2.89,16,24.95,48.83,522,IDLE
11:46:13,21.07,59.07,536,495,2.52,36,24.08,39.68,490,458,1.77,17,27.01,53.04,594,ERROR
11:47:13,26.5,33.38,411,483,3.39,43,22.84,30.09,520,197,2.24,37,19.24,53.61,562,PRINTING
11:48:13,21.49,34.46,533,220,3.57,27,26.27,52.36,598,155,2.67,38,18.25,32.23,471,PRINTING
11:49:13,27.86,51.77,447,453,0.18,44,20.06,42.63,382,366,4.97,38,22.28,52.49,539,ERROR
11:50:14,23.15,47.91,501,499,4.21,34,25.88,50.34,390,346,0.96,45,19.51,33.16,585,PAUSED
11:51:14,,,,,,,23.94,41.72,443,184,2.85,7,22.9,38.48,595,PAUSED
11:52:14,27.47,55.64,383,394,1.69,25,19.62,33.55,413,412,2.26,18,24.15,38.48,410,PRINTING
11:53:14,19.88,42.44,485,294,2.27,30,26.51,48.32,466,141,2.65,1,23.0,47.76,482,IDLE
11:54:14,,,,,,,,,,,,,21.7,53.79,492,PAUSED
11:55:14,22.99,32.19,528,178,1.67,50,20.23,57.44,481,119,0.3,35,24.9,38.03,436,IDLE
11:56:14,25.63,30.09,510,400,2.67,36,18.83,49.53,535,33,3.1,48,18.66,41.88,529,ERROR
11:57:14,23.67,57.47,577,379,2.78,46,26.54,36.93,484,268,1.69,39,24.24,33.37,438,PAUSED
11:58:14,,,,,,,27.03,42.14,445,458,0.31,10,19.44,39.62,520,ERROR
11:59:14,21.15,46.13,587,103,4.15,38,24.98,30.7,438,115,4.44,31,23.43,50.11,420,ERROR
12:00:14,21.3,30.24,552,338,2.46,7,23.93,48.87,513,146,3.57,18,,,,ERROR
12:01:14,27.81,51.09,404,72,1.57,44,20.96,38.41,513,330,4.42,41,25.65,59.43,558,IDLE
12:02:14,24.48,46.7,440,238,3.62,2,19.85,31.06,537,466,0.93,42,23.45,34.3,450,PAUSED
12:03:14,,,,,,,22.71,34.25,410,500,3.67,45,21.63,50.75,572,PAUSED
12:04:14,21.54,50.68,463,498,1.48,45,26.29,53.88,486,473,4.08,0,26.0,32.89,495,IDLE
12:05:14,21.14,32.2,490,221,3.7,0,23.47,37.99,452,186,4.17,8,27.65,32.93,578,IDLE
12:06:14,22.18,42.68,419,434,0.15,0,20.27,44.68,447,458,1.75,38,21.24,40.81,453,PAUSED
12:07:14,22.2,37.29,524,257,0.11,47,21.66,52.17,423,441,1.38,38,18.89,39.99,399,ERROR
12:08:14,18.04,52.5,564,73,3.37,40,24.36,32.6,546,222,3.73,39,27.09,31.55,575,PAUSED
12:09:14,22.38,41.63,567,275,1.8,4,19.87,31.3,446,310,4.39,35,18.99,52.44,426,ERROR
12:10:14,27.21,57.83,520,315,3.35,50,27.23,38.59,596,456,4.69,42,26.09,44.51,424,PAUSED
12:11:14,21.91,51.65,393,297,0.7,1,20.8,37.85,538,95,0.97,20,21.94,35.99,482,ERROR
12:12:14,18.35,47.38,516,314,0.01,44,18.16,48.8,418,197,2.04,23,18.93,47.91,539,PRINTING
12:13:14,20.63,52.15,458,433,3.98,9,25.48,40.4,474,242,4.33,1,24.24,34.29,590,PRINTING
12:14:14,21.14,42.57,557,404,1.9,20,20.37,59.32,547,174,4.84,27,21.78,37.23,524,PAUSED
12:15:14,18.47,41.9,523,284,2.13,37,26.64,58.05,555,3,3.33,2,25.96,38.79,524,PRINTING
12:16:14,27.91,46.3,433,312,2.53,11,18.82,46.69,570,107,4.16,7,20.59,46.96,569,PAUSED
12:17:14,18.65,59.76,561,394,1.6,25,23.79,34.99,383,339,4.09,45,20.94,39.09,579,PRINTING
12:18:14,25.53,45.05,481,124,3.44,12,20.61,36.63,485,263,1.12,30,24.29,44.62,416,PRINTING
12:19:14,19.68,31.24,591,284,0.23,14,27.11,59.49,596,2,4.57,4,18.12,56.48,565,ERROR
12:20:14,18.34,47.49,403,315,1.72,35,23.67,36.76,488,277,4.75,7,24.58,46.75,522,PAUSED
12:21:14,20.42,52.85,597,185,2.22,20,27.62,46.27,586,247,3.62,35,19.86,32.26,542,IDLE
12:22:14,21.88,32.23,594,430,0.17,47,26.35,56.15,452,296,1.04,4,20.85,50.6,597,IDLE
12:23:14,27.23,47.82,486,192,0.12,10,19.95,46.9,510,222,2.71,49,22.22,33.78,592,ERROR
12:24:14,24.23,43.38,385,137,0.76,34,24.79,42.01,400,164,1.22,2,26.78,54.34,520,ERROR
12:25:14,18.91,37.55,409,372,3.29,12,22.02,35.83,481,277,1.01,2,25.86,41.53,384,PRINTING
12:26:14,23.81,47.94,595,128,4.35,25,23.04,57.06,482,231,1.69,33,26.87,55.27,525,PRINTING
12:27:14,,,,,,,22.25,55.16,413,373,1.26,38,26.12,59.42,598,IDLE
12:28:14,18.92,49.67,380,325,1.49,2,20.77,38.67,590,272,4.91,46,25.23,53.08,399,PRINTING
12:29:14,20.66,52.39,505,333,1.17,48,21.5,40.27,439,17,4.89,14,20.57,33.1,470,PAUSED
12:30:14,26.55,32.15,552,176,1.98,10,23.43,57.61,387,156,2.73,5,26.61,45.45,511,PAUSED
12:31:14,25.75,59.62,410,181,1.64,1,19.23,36.87,457,282,0.23,32,24.65,57.78,547,PRINTING
12:32:14,24.74,40.86,582,119,1.81,7,18.3,54.11,489,117,0.69,17,19.64,43.67,549,ERROR
12:33:14,18.38,57.65,561,299,4.74,20,19.43,58.35,414,416,2.21,47,23.83,41.08,493,PAUSED
12:34:14,18.76,37.55,520,367,1.84,17,22.93,49.12,500,362,3.65,45,23.26,33.42,426,PRINTING
12:35:14,26.93,57.69,584,478,1.26,35,22.08,55.22,550,184,4.21,38,27.31,39.82,403,IDLE
12:36:14,26.06,34.6,584,324,1.15,39,23.18,50.01,553,441,2.13,45,19.75,59.54,392,PAUSED
12:37:14,20.63,42.72,401,292,3.69,43,21.72,32.19,565,183,4.67,43,20.95,37.82,565,PRINTING
12:38:14,23.07,48.72,481,159,0.22,45,19.87,43.26,511,148,2.72,8,24.28,54.13,489,ERROR
12:39:14,23.35,37.31,447,298,4.56,48,22.64,49.94,519,219,4.72,35,20.49,56.26,515,IDLE
12:40:14,21.25,39.49,598,16,4.53,22,22.35,49.13,399,342,0.55,31,21.1,33.44,443,ERROR
12:41:14,27.48,53.67,443,372,4.85,12,,,,,,,22.25,45.94,461,ERROR
12:42:14,18.71,53.18,390,346,3.62,47,21.09,32.58,483,401,4.25,30,25.19,47.35,509,PRINTING
12:43:14,23.78,44.51,445,381,0.22,38,18.68,41.49,433,48,3.42,36,25.62,54.89,429,PRINTING
12:44:14,20.61,38.93,529,413,0.45,19,27.3,49.3,430,342,1.81,31,26.94,55.48,538,PRINTING
12:45:14,18.39,49.92,497,427,0.07,43,25.93,57.87,562,372,2.97,28,20.59,48.72,516,PAUSED
12:46:14,27.86,52.01,382,499,3.6,50,27.73,41.03,532,210,2.54,6,18.86,37.22,545,PRINTING
12:47:14,23.42,40.87,531,143,1.5,26,23.92,43.4,480,333,2.76,41,18.49,31.27,507,ERROR
12:48:14,18.06,49.95,501,329,2.92,32,24.15,45.69,550,42,0.98,42,24.16,36.26,596,ERROR
12:49:14,24.56,48.07,454,300,3.76,12,,,,,,,26.13,56.91,467,PRINTING
12:50:14,27.72,32.46,512,283,4.79,33,21.58,34.49,522,475,2.84,14,27.13,51.86,482,ERROR
12:51:14,18.67,52.55,479,51,4.43,19,25.67,44.49,494,61,3.82,50,22.1,33.48,506,IDLE
12:52:14,22.77,34.71,488,451,2.42,40,23.92,47.04,527,73,1.81,40,21.07,43.68,590,PRINTING
12:53:14,19.45,48.74,520,248,0.07,47,26.48,48.82,430,73,2.91,17,22.82,45.13,529,PAUSED
12:54:14,19.87,53.68,599,306,2.61,40,27.98,55.03,434,59,0.19,12,18.31,57.61,522,PRINTING
12:55:14,26.87,59.73,468,303,0.95,26,24.89,50.1,445,271,2.44,19,24.5,49.01,523,IDLE
12:56:14,26.49,42.18,465,210,4.03,5,21.37,41.97,429,495,3.41,5,20.44,43.23,460,PAUSED
12:57:14,22.43,50.93,566,150,1.1,42,20.66,42.81,430,460,1.18,17,,,,PAUSED
12:58:14,20.27,36.21,477,115,2.34,46,18.93,42.17,414,357,2.48,42,22.11,51.38,555,IDLE
12:59:14,,,,,,,20.66,30.86,506,316,1.24,33,18.15,45.77,516,PAUSED
13:00:14,24.14,44.04,575,67,0.07,13,27.15,43.13,591,107,3.57,25,23.97,46.88,587,PAUSED
13:01:14,25.61,32.62,598,179,1.02,28,26.33,49.8,473,184,1.43,18,26.39,59.7,465,IDLE
13:02:14,18.57,59.78,571,48,2.43,11,23.27,37.54,477,130,2.1,42,27.56,44.85,474,ERROR
13:03:14,18.86,52.78,511,291,1.1,27,20.91,48.52,582,377,3.77,40,25.92,46.16,462,ERROR
13:04:14,27.12,58.74,541,336,1.46,50,21.16,46.71,580,471,1.51,46,27.42,48.12,462,PRINTING
13:05:14,19.96,59.6,545,4,4.46,3,,,,,,,25.56,30.44,386,IDLE
13:06:14,21.16,48.85,558,437,0.11,2,26.31,45.12,567,400,4.31,16,21.11,36.42,447,ERROR
13:07:14,24.91,42.77,584,67,4.55,44,23.59,50.74,429,315,1.39,1,19.8,36.95,537,ERROR
13:08:14,26.51,49.38,491,364,4.8,7,21.99,36.17,597,18,2.75,3,23.38,46.25,382,PRINTING
13:09:14,,,,,,,22.63,49.77,558,43,0.27,34,,,,PRINTING
13:10:14,24.17,34.29,525,236,2.57,35,20.25,33.89,388,289,3.45,31,20.28,39.22,397,PRINTING
13:11:14,18.5,43.1,463,99,3.86,2,25.91,50.2,526,358,1.38,1,24.71,43.88,542,IDLE
13:12:14,18.39,56.65,534,83,1.75,45,,,,,,,26.45,36.78,473,IDLE
13:13:14,24.09,58.96,439,407,3.22,28,20.99,39.49,507,192,1.65,4,20.25,40.52,588,ERROR
13:14:14,24.93,56.95,487,321,4.02,34,21.66,44.98,594,9,2.26,13,26.6,58.05,504,PAUSED
13:15:14,26.37,41.9,477,227,2.03,23,26.1,39.47,555,154,0.14,14,18.43,57.66,382,IDLE
13:16:14,22.99,32.84,501,235,1.18,39,21.08,47.25,441,303,4.63,26,21.11,39.87,547,PAUSED
13:17:14,26.03,47.96,407,205,2.44,31,,,,,,,24.29,30.26,593,ERROR
13:18:14,25.8,40.05,577,131,2.45,33,19.32,39.43,513,366,4.13,46,18.17,37.04,453,ERROR
13:19:14,19.78,54.39,410,161,3.02,31,21.04,58.88,514,339,1.89,1,20.8,33.22,436,ERROR
13:20:14,26.59,37.08,583,115,0.17,33,18.16,45.34,551,20,3.26,37,20.4,30.07,443,ERROR
13:21:14,19.97,47.38,465,11,0.7,34,26.58,46.98,438,15,4.89,4,21.64,47.05,555,PRINTING
13:22:14,19.16,55.92,516,133,3.97,4,20.86,33.18,467,76,2.16,12,19.61,46.24,471,PAUSED
13:23:14,23.52,35.29,385,341,4.36,22,18.06,42.93,531,421,1.05,0,18.59,50.86,417,PAUSED
13:24:14,27.62,45.28,469,268,2.46,12,,,,,,,23.37,48.7,515,IDLE
13:25:14,27.96,49.09,579,274,1.13,18,25.82,46.89,459,232,2.46,42,23.3,39.32,570,PAUSED
13:26:14,19.53,43.91,567,159,0.45,15,26.93,57.88,390,105,1.51,11,21.67,35.12,443,PAUSED
13:27:14,27.54,39.67,384,434,0.56,5,25.7,58.52,524,309,1.66,31,20.13,30.78,509,PRINTING
13:28:14,18.71,41.85,395,259,4.44,29,18.12,47.28,424,359,2.96,5,21.58,52.16,561,ERROR
13:29:14,24.58,59.89,418,322,0.13,32,18.35,43.9,401,139,4.55,12,26.43,43.42,534,ERROR
13:30:14,24.66,39.36,393,223,2.99,40,19.97,34.85,594,296,4.12,34,26.42,50.45,528,PRINTING
13:31:14,18.91,32.66,523,435,4.65,2,18.8,34.47,464,284,2.19,14,,,,PAUSED
13:32:14,21.35,56.01,597,455,0.19,40,20.02,37.95,598,85,4.14,22,23.58,37.13,544,PRINTING
13:33:14,,,,,,,19.64,40.05,463,281,4.45,5,,,,PAUSED
13:34:14,21.35,59.74,463,359,2.87,42,21.24,30.08,532,80,1.75,13,20.54,55.31,542,IDLE
13:35:14,23.25,39.15,599,468,3.0,49,26.04,36.19,469,106,3.5,15,20.22,50.77,519,PAUSED
13:36:14,18.11,39.43,534,256,2.99,23,19.0,58.3,495,144,4.35,1,25.15,50.05,535,ERROR
13:37:14,18.35,32.27,490,97,3.11,8,,,,,,,19.6,36.02,572,ERROR
13:38:14,23.56,59.6,550,185,0.16,23,23.46,56.16,537,198,3.9,23,21.3,58.47,383,ERROR
13:39:14,27.68,59.46,395,362,0.39,8,23.31,32.7,481,60,2.96,22,25.24,37.67,509,IDLE
13:40:14,20.61,49.84,588,122,0.07,45,,,,,,,22.2,57.38,413,PAUSED
13:41:14,27.36,41.81,515,329,4.03,9,26.33,45.24,491,158,3.33,12,22.97,33.43,423,ERROR
13:42:14,24.62,55.26,392,73,0.47,29,22.96,51.92,475,292,3.96,13,19.08,39.92,496,PAUSED
13:43:14,19.84,50.32,569,257,4.08,8,20.92,40.32,440,73,0.55,45,24.45,36.43,480,PAUSED
13:44:14,18.9,43.22,573,51,0.75,13,26.18,58.6,414,443,4.97,27,24.46,36.04,567,IDLE
13:45:14,27.4,37.36,502,466,4.67,29,20.79,44.52,582,330,3.25,39,19.91,55.03,416,ERROR
13:46:14,21.13,31.19,396,464,3.28,18,18.6,45.69,403,58,3.65,8,22.95,56.49,428,IDLE
13:47:14,21.09,31.24,411,26,2.47,20,21.7,42.37,457,483,1.09,20,20.64,38.29,409,PRINTING
13:48:14,25.32,36.01,466,386,2.99,30,19.19,58.56,461,391,3.58,26,25.85,53.24,527,IDLE
13:49:14,20.97,31.38,501,53,3.77,37,26.51,36.99,465,246,3.83,26,20.89,38.45,396,PRINTING
13:50:14,21.14,40.19,455,363,4.95,35,19.68,50.09,532,204,4.5,47,24.21,31.39,381,ERROR
13:51:14,27.12,58.02,475,490,2.59,44,27.3,41.37,447,180,0.87,4,23.08,47.71,555,IDLE
13:52:14,23.63,56.21,540,436,4.86,16,19.35,42.62,484,245,3.46,35,18.73,57.76,435,IDLE
13:53:14,22.82,42.48,474,104,4.83,12,18.4,38.49,446,404,4.13,46,26.47,38.01,385,IDLE
13:54:14,21.72,35.82,386,70,3.5,43,18.24,32.71,442,401,0.79,2,24.36,46.04,597,PAUSED
13:55:14,19.98,30.84,588,375,3.51,46,27.4,46.77,552,114,3.34,49,26.1,51.93,585,IDLE
13:56:14,24.06,30.98,406,361,1.68,48,25.25,47.41,546,168,0.97,6,19.29,50.69,504,IDLE
13:57:14,24.98,45.99,382,453,1.9,44,26.94,59.68,437,106,2.76,39,26.58,53.45,420,PAUSED
13:58:14,22.22,44.75,454,470,0.38,13,25.26,44.22,567,426,4.98,31,21.33,53.42,421,ERROR
13:59:14,23.55,55.36,551,25,0.5,40,19.61,37.91,579,400,2.61,37,21.2,50.8,506,ERROR
14:00:14,26.85,51.49,509,446,1.63,47,,,,,,,27.67,51.65,541,ERROR
14:01:14,25.04,48.45,519,275,4.91,2,,,,,,,20.52,49.31,542,PRINTING
14:02:14,20.09,49.62,573,383,3.07,11,,,,,,,18.42,30.77,544,ERROR
14:03:14,20.24,43.64,415,143,0.72,1,21.49,41.83,434,427,3.01,46,18.93,30.79,600,ERROR
14:04:14,24.38,57.07,534,152,2.59,46,24.39,43.57,453,2,3.88,34,24.84,35.9,536,PAUSED
14:05:14,27.8,57.34,523,479,0.53,15,20.59,33.09,562,159,2.77,37,24.14,42.61,481,IDLE
14:06:14,19.06,42.08,518,209,4.86,4,25.09,38.01,549,336,0.08,14,,,,IDLE
14:07:14,26.27,46.96,411,90,0.93,35,26.56,40.62,490,284,0.41,24,20.88,59.43,565,ERROR
14:08:14,20.69,49.15,470,256,1.74,14,25.82,36.7,570,412,0.6,14,24.07,40.71,519,ERROR
14:09:14,20.36,37.71,402,228,0.85,43,18.87,58.86,565,71,0.21,42,25.25,36.85,523,ERROR
14:10:14,25.26,33.69,530,302,3.82,0,27.74,45.35,472,83,2.82,7,25.75,42.51,553,PAUSED
14:11:14,18.59,51.87,399,67,4.45,32,18.28,50.08,492,358,4.07,28,22.01,41.22,494,PAUSED
14:12:14,27.08,40.22,487,438,4.19,15,26.41,50.28,587,411,0.88,11,23.08,31.43,552,ERROR
14:13:14,21.25,35.51,533,163,2.74,5,21.56,55.21,433,447,0.41,9,18.68,42.73,415,ERROR
14:14:14,27.29,50.25,443,104,3.06,42,21.35,38.71,502,274,4.79,34,,,,PAUSED
14:15:14,20.47,46.88,581,91,0.94,13,,,,,,,24.02,46.74,503,ERROR
14:16:14,22.52,50.65,476,19,2.51,39,23.79,44.8,417,18,1.47,47,22.42,40.89,380,ERROR
14:17:14,27.73,57.32,588,340,1.96,10,,,,,,,20.76,32.59,475,PRINTING
14:18:14,20.83,53.78,518,395,2.64,5,22.01,46.82,554,80,3.88,9,23.11,46.57,553,PRINTING
14:19:14,19.19,50.44,540,347,0.07,50,24.01,36.53,416,254,2.3,37,24.13,51.43,598,IDLE
14:20:14,24.41,30.06,542,341,3.28,10,22.87,51.96,556,227,3.91,17,23.02,53.14,589,IDLE
14:21:14,25.08,41.2,572,333,4.62,29,20.63,30.4,402,251,2.27,19,22.85,49.19,562,PAUSED
14:22:14,18.56,34.99,473,367,1.29,30,21.47,40.05,409,26,1.26,36,22.96,57.53,397,IDLE
14:23:14,23.32,41.62,467,401,2.55,24,,,,,,,19.88,36.14,436,ERROR
14:24:14,22.98,59.48,435,222,4.22,2,20.22,37.04,383,455,4.12,47,23.34,38.76,415,PRINTING
14:25:14,20.97,43.95,571,357,3.73,14,27.49,52.11,506,287,4.31,6,19.76,45.58,479,IDLE
14:26:14,24.21,30.32,420,164,4.02,39,26.13,30.06,541,335,0.64,0,26.29,55.43,496,ERROR
14:27:14,20.26,39.9,561,38,4.69,50,26.1,48.97,529,39,4.47,48,27.69,35.31,403,ERROR
14:28:14,22.89,51.3,587,231,0.28,36,18.05,54.93,443,335,4.28,8,25.62,52.63,435,IDLE
14:29:14,19.62,50.12,444,2,2.39,40,18.45,32.3,563,87,1.34,44,23.27,54.77,433,ERROR
14:30:14,26.13,44.08,515,341,0.21,7,25.69,55.38,480,270,3.99,30,19.65,54.5,478,PAUSED
14:31:14,25.8,49.18,481,395,2.07,31,27.41,30.23,506,448,0.57,10,21.53,56.82,431,PRINTING
14:32:14,25.2,52.28,464,185,4.65,1,23.01,47.63,431,226,3.75,10,21.27,54.94,486,PRINTING
14:33:14,27.45,55.08,527,459,3.72,9,23.62,41.66,430,131,4.31,42,27.99,35.58,533,PAUSED
14:34:14,19.76,43.95,412,435,2.8,5,25.8,51.94,400,100,1.03,28,25.93,30.41,531,PAUSED
14:35:14,23.95,36.47,386,298,2.44,12,21.87,44.45,444,103,0.32,35,23.04,51.48,596,PAUSED
14:36:14,18.22,38.11,550,130,1.56,49,23.45,30.1,478,425,1.66,8,25.66,39.71,542,IDLE
14:37:14,26.91,51.37,461,167,3.27,27,25.73,55.31,588,320,2.86,3,18.64,54.19,526,ERROR
14:38:14,24.49,31.74,459,361,2.93,31,23.71,58.32,427,300,1.75,0,23.63,43.45,534,IDLE
14:39:14,,,,,,,,,,,,,19.72,35.06,503,ERROR
14:40:14,27.05,37.5,577,447,0.82,9,25.5,47.4,449,198,0.74,13,20.36,56.97,590,PAUSED
14:41:14,26.33,55.2,538,53,4.14,45,20.32,41.83,497,341,1.68,34,23.02,37.93,503,PAUSED
14:42:14,23.06,35.96,549,190,4.41,10,20.28,49.83,591,178,3.5,4,21.38,35.46,574,IDLE
14:43:14,23.78,58.14,527,411,1.2,6,22.41,44.83,430,165,4.63,45,24.84,41.39,520,PRINTING
14:44:14,21.6,46.51,499,434,1.38,9,20.78,47.67,486,43,3.14,28,24.38,44.73,510,PRINTING
14:45:14,19.64,38.78,390,498,4.65,43,20.41,33.74,515,362,2.92,38,19.31,56.6,592,PRINTING
14:46:14,25.32,57.44,489,472,2.1,17,27.9,56.24,433,174,2.89,22,24.49,43.05,427,IDLE
14:47:14,22.31,57.37,588,56,3.03,5,25.72,59.33,388,67,1.22,42,23.37,57.74,467,PAUSED
14:48:14,25.7,36.6,455,228,1.43,1,19.26,32.99,493,244,4.08,35,18.87,32.76,573,PRINTING
14:49:14,22.2,52.44,483,430,2.81,36,22.29,42.84,551,455,1.36,1,26.78,43.59,406,ERROR
14:50:14,27.89,40.44,582,386,1.18,44,22.65,57.79,538,456,3.13,11,19.55,53.48,429,IDLE
14:51:14,18.35,54.0,432,314,4.71,17,20.49,38.36,468,231,0.97,29,22.92,41.02,585,PRINTING
14:52:14,18.31,37.15,548,101,0.42,1,27.86,46.94,593,357,0.51,1,26.26,34.08,572,PRINTING
14:53:14,21.46,32.43,497,316,3.22,34,20.92,38.66,585,13,2.84,33,18.32,54.85,538,PAUSED
14:54:14,19.62,33.69,523,264,0.06,32,24.85,30.78,505,143,4.59,40,26.68,53.3,487,IDLE
14:55:14,27.85,37.29,385,303,4.83,39,20.83,31.44,591,442,1.89,16,23.03,35.86,423,PRINTING
14:56:14,,,,,,,24.54,43.2,527,167,3.25,11,18.95,50.65,561,ERROR
14:57:14,25.49,46.88,498,213,0.94,23,22.73,42.55,406,303,3.12,40,20.44,48.33,445,PRINTING
14:58:14,19.13,56.69,570,42,4.64,16,23.86,57.24,421,158,4.95,29,27.32,53.28,455,PAUSED
14:59:14,24.58,54.59,494,188,0.42,49,27.61,42.04,515,163,4.59,23,20.54,45.64,570,ERROR
15:00:14,25.31,52.43,540,500,4.26,9,21.96,32.6,513,21,1.7,8,26.64,47.15,559,PRINTING
15:01:14,19.51,47.43,442,443,0.72,23,22.94,51.49,534,80,1.28,31,21.99,33.01,496,ERROR
15:02:14,26.81,45.02,597,281,4.04,36,22.43,38.66,411,271,4.66,47,21.35,59.78,594,PAUSED
15:03:14,22.18,38.43,537,34,3.01,42,23.32,32.4,572,248,0.21,26,23.12,40.16,559,ERROR
15:04:14,19.59,48.09,413,62,0.32,46,19.75,47.16,513,390,1.23,11,21.02,57.22,408,ERROR
15:05:14,23.16,58.8,412,36,0.02,26,18.23,56.87,466,307,4.09,0,19.79,49.24,395,PRINTING
15:06:14,19.0,37.51,396,337,0.43,27,24.42,30.99,424,185,4.32,23,24.89,45.38,458,IDLE
15:07:14,26.1,32.4,577,178,1.13,32,25.38,34.93,447,94,1.77,10,25.88,54.49,444,PRINTING
15:08:14,25.1,43.37,581,184,3.56,24,22.01,49.65,404,349,1.54,31,21.66,31.85,454,PAUSED
15:09:14,22.85,34.44,582,229,4.66,17,21.58,36.65,584,125,3.59,30,18.69,49.94,448,PRINTING
15:10:14,26.33,47.78,562,62,3.0,44,23.93,52.17,528,464,2.8,34,25.66,58.54,583,IDLE
15:11:14,23.31,50.61,585,339,4.28,14,22.94,49.45,592,170,1.36,1,18.34,57.92,508,ERROR
15:12:14,21.22,41.01,476,444,4.27,3,21.65,54.56,398,282,4.66,44,21.28,59.74,498,PRINTING
15:13:14,24.12,47.15,465,221,4.78,50,20.93,44.5,461,59,2.24,16,20.81,58.22,586,PAUSED
15:14:14,18.69,48.44,559,23,2.37,38,20.31,30.28,403,145,2.42,17,26.08,40.0,587,PRINTING
15:15:14,27.18,45.12,434,280,0.67,26,25.35,50.09,385,284,1.57,37,27.24,59.71,407,ERROR
15:16:14,22.33,41.17,587,338,3.98,28,20.13,52.73,393,360,3.62,11,18.38,54.35,595,PRINTING
15:17:14,23.61,48.97,405,363,1.86,40,24.58,31.3,412,212,0.23,9,27.42,33.47,517,PRINTING
15:18:14,26.85,36.07,438,287,3.54,20,22.28,39.63,523,73,3.97,32,19.84,45.82,553,ERROR
15:19:14,22.25,51.36,403,178,0.8,6,21.28,44.77,495,6,4.49,43,20.73,47.11,435,ERROR
15:20:14,19.94,45.17,497,283,1.45,2,26.58,45.1,545,461,4.16,29,26.03,42.17,430,ERROR
15:21:14,26.52,41.19,597,14,4.72,6,26.43,38.3,467,96,3.8,9,23.19,53.09,465,PAUSED
15:22:14,26.04,33.3,493,452,3.89,14,18.09,55.99,462,102,2.95,23,18.01,50.98,536,PRINTING
15:23:14,18.16,50.42,412,19,4.57,25,20.42,59.72,399,225,1.25,43,24.92,58.26,397,ERROR
15:24:14,24.55,43.85,574,463,0.32,3,19.88,31.5,488,242,4.61,30,23.06,45.39,552,PRINTING
15:25:14,20.46,43.11,524,127,1.9,19,26.77,39.95,388,124,2.88,6,20.64,47.29,573,PRINTING
15:26:14,24.67,31.38,590,186,1.75,43,22.78,45.21,408,137,2.44,32,,,,PAUSED
15:27:14,24.19,42.14,432,102,2.65,41,25.71,51.48,525,121,3.56,21,18.89,33.62,497,ERROR
15:28:14,25.47,43.06,582,104,3.51,37,27.13,32.76,595,179,1.39,32,26.04,39.35,464,ERROR
15:29:14,22.42,46.32,520,321,0.3,21,21.38,38.97,494,240,2.31,49,18.18,42.6,554,PAUSED
15:30:14,,,,,,,25.43,40.4,556,481,0.28,36,25.2,35.03,387,PAUSED
15:31:14,18.77,52.08,444,249,1.8,17,21.19,54.79,492,237,4.56,3,23.56,38.73,477,PRINTING
15:32:14,19.55,33.21,488,496,2.37,13,21.08,52.11,447,112,0.06,49,18.08,50.81,397,PAUSED
15:33:14,26.22,31.02,537,55,4.39,17,18.35,48.6,514,52,4.72,41,24.77,30.81,426,PAUSED
15:34:14,22.02,54.74,553,224,2.17,39,21.85,56.1,600,65,2.67,40,20.44,46.22,437,PAUSED
15:35:14,22.75,38.45,517,101,1.74,0,20.76,53.07,565,438,0.61,37,26.31,40.41,427,PAUSED
15:36:14,19.78,45.17,492,497,0.93,40,24.26,55.36,503,334,3.99,27,20.08,42.19,429,PAUSED
15:37:14,23.67,34.81,521,368,0.55,10,25.51,53.24,515,54,3.71,45,18.38,47.89,597,PRINTING
15:38:14,18.74,56.05,540,226,4.46,18,21.06,42.78,447,44,1.47,8,23.79,59.98,474,PAUSED
15:39:14,25.72,37.84,419,214,1.36,38,26.86,41.03,570,187,3.72,43,20.61,31.13,565,PRINTING
15:40:14,21.79,31.8,547,421,1.09,16,26.51,49.73,421,270,0.75,5,20.18,54.74,396,IDLE
15:41:14,24.75,36.6,463,320,2.71,38,19.31,50.76,559,497,0.02,46,25.22,31.88,443,ERROR
15:42:14,19.46,36.65,388,464,2.51,4,20.08,59.94,399,256,0.64,47,23.61,59.06,404,PRINTING
15:43:14,20.24,52.09,442,14,4.56,26,25.11,47.78,537,120,1.2,48,25.44,35.04,561,PAUSED
15:44:14,26.47,53.11,408,313,0.87,42,25.86,47.6,498,135,4.19,12,20.05,49.77,576,ERROR
15:45:14,19.51,40.16,497,31,0.07,27,23.99,59.73,530,346,0.26,2,,,,IDLE
15:46:14,24.2,44.32,498,122,2.58,39,,,,,,,21.66,51.35,577,PRINTING
15:47:14,24.75,36.7,473,430,2.09,23,21.78,47.92,512,222,1.28,4,24.78,41.38,517,IDLE
15:48:14,20.53,46.98,431,434,4.22,32,18.74,47.05,536,25,1.74,40,18.45,32.53,410,PRINTING
15:49:14,22.58,42.03,409,282,0.89,39,21.31,55.39,399,402,4.56,26,26.84,44.63,380,IDLE
15:50:14,23.16,44.02,397,255,4.59,35,,,,,,,20.46,56.04,492,PAUSED
15:51:14,23.69,46.08,485,186,1.87,47,25.79,30.81,471,20,0.92,14,20.73,47.51,417,PAUSED
15:52:14,21.24,44.35,511,376,1.3,43,26.13,52.37,424,234,2.54,25,18.92,54.45,440,PAUSED
15:53:14,23.55,46.09,441,384,4.87,24,27.56,37.83,544,264,2.04,48,23.03,45.01,587,IDLE
15:54:14,25.87,44.16,534,286,1.8,14,26.61,42.4,536,406,2.92,12,26.44,55.56,428,PRINTING
15:55:14,22.47,48.93,394,475,2.33,16,25.83,33.76,499,279,3.34,15,20.56,41.66,511,IDLE
15:56:14,27.7,40.94,498,246,2.01,18,26.76,49.15,473,261,1.64,37,18.71,49.79,476,ERROR
15:57:14,24.5,55.15,504,125,2.3,50,18.28,41.87,446,447,1.34,41,22.19,47.6,531,PRINTING
15:58:14,26.21,40.15,420,72,3.3,1,27.49,34.37,441,418,1.55,43,23.06,56.59,521,IDLE
15:59:14,27.68,42.16,504,48,2.44,37,26.74,46.54,398,464,1.07,26,25.56,30.21,470,ERROR
16:00:14,21.04,50.95,539,95,2.91,0,25.28,37.89,529,437,1.41,16,22.56,44.72,484,ERROR
16:01:14,19.92,30.38,580,466,0.3,43,27.38,47.26,563,451,1.07,7,24.93,56.92,568,IDLE
16:02:14,21.29,56.14,483,486,3.93,49,19.07,45.6,548,79,0.45,24,,,,PAUSED
16:03:14,20.52,35.73,387,465,2.32,3,20.72,43.86,516,423,4.99,35,22.28,32.25,589,PAUSED
16:04:14,22.43,50.72,414,247,2.93,49,24.6,37.86,547,158,4.02,33,23.98,58.34,400,PAUSED
16:05:14,27.6,50.07,462,270,1.77,34,27.8,35.1,456,483,2.51,23,22.01,42.38,456,PAUSED
16:06:14,26.84,56.49,481,295,1.09,38,19.51,56.99,518,402,1.9,5,25.82,52.11,415,ERROR
16:07:14,21.1,50.91,524,101,1.66,0,26.84,48.63,558,160,4.15,15,22.42,39.1,507,IDLE
16:08:14,26.29,44.77,481,500,3.37,16,20.35,44.02,383,383,0.28,7,26.65,43.26,406,ERROR
16:09:14,23.15,35.14,570,314,4.41,32,27.42,41.84,512,217,0.45,6,19.89,45.8,497,PAUSED
16:10:14,27.54,45.92,571,293,4.8,21,19.54,44.2,499,276,2.22,21,18.88,31.19,561,PRINTING
16:11:14,25.05,57.14,581,285,1.07,0,27.36,45.82,582,331,0.7,38,23.32,51.29,462,ERROR
16:12:14,,,,,,,21.23,39.81,532,244,2.85,36,27.87,56.16,597,PRINTING
16:13:14,18.48,32.34,465,375,4.73,38,22.04,36.22,480,55,2.29,23,21.82,33.89,446,PRINTING
16:14:14,,,,,,,18.81,40.36,496,339,4.02,38,26.15,33.33,493,ERROR
16:15:14,19.31,30.73,487,418,3.55,41,,,,,,,25.05,36.11,499,ERROR
16:16:14,19.26,34.01,553,169,0.66,40,25.45,42.81,441,362,3.5,36,18.9,40.78,545,ERROR
16:17:14,21.89,32.02,531,457,3.69,14,24.69,34.01,576,321,3.29,26,24.16,37.44,574,IDLE
16:18:14,21.12,30.41,423,288,3.43,6,20.32,41.66,532,88,0.53,3,22.28,43.38,551,ERROR
16:19:14,21.58,37.8,460,155,0.52,17,19.54,41.94,461,265,3.48,44,21.99,54.8,508,IDLE
16:20:14,21.47,52.79,455,83,0.79,43,20.93,42.3,489,188,2.01,15,24.88,39.41,554,ERROR
16:21:14,,,,,,,19.74,40.84,397,5,1.78,23,26.45,34.17,478,PAUSED
16:22:14,21.53,53.47,486,0,2.2,37,21.64,45.96,571,262,4.11,15,,,,PAUSED
16:23:14,18.26,40.72,585,91,1.37,27,19.88,39.47,465,440,1.3,9,,,,ERROR
16:24:14,27.9,49.31,446,237,2.05,38,27.77,40.76,519,466,3.65,25,26.68,30.15,498,PAUSED
16:25:14,20.49,53.26,554,272,3.72,14,19.48,56.46,515,126,4.83,11,22.45,39.01,530,ERROR
16:26:14,23.47,32.61,428,366,4.19,26,22.49,46.73,494,175,3.41,32,20.01,43.76,520,PRINTING
16:27:14,27.97,45.37,465,433,3.58,26,19.39,59.31,462,436,0.5,47,,,,PAUSED
16:28:14,19.86,48.59,463,261,1.74,24,24.55,46.68,555,50,3.66,1,18.5,39.54,521,IDLE
16:29:14,25.15,42.13,481,123,3.76,40,20.47,40.67,422,231,1.15,19,24.15,57.66,528,PRINTING
16:30:14,21.8,47.47,557,63,0.8,41,21.36,37.16,575,457,1.69,16,21.47,49.81,595,PRINTING
16:31:14,18.52,45.6,478,428,0.11,33,20.8,33.63,571,363,3.03,26,23.09,42.01,576,PAUSED
16:32:14,25.03,39.49,432,236,3.95,40,21.64,44.81,516,295,1.71,32,22.12,40.91,600,PRINTING
16:33:14,19.72,49.3,447,338,0.81,10,19.09,32.8,406,408,2.45,14,18.19,47.59,528,IDLE
16:34:14,,,,,,,26.02,56.06,410,125,4.63,33,26.14,37.63,562,PAUSED
16:35:14,25.25,55.19,464,348,1.6,25,23.86,57.8,431,431,1.8,12,19.75,43.56,406,IDLE
16:36:14,26.82,32.76,468,180,4.86,25,25.32,56.89,404,339,2.7,25,25.76,34.31,416,IDLE
16:37:14,26.0,44.73,388,191,2.24,9,25.93,57.62,597,129,4.41,25,22.73,30.44,432,PAUSED
16:38:14,27.27,55.51,454,281,4.15,19,19.86,44.24,533,242,1.2,27,21.06,38.25,551,ERROR
16:39:14,24.16,41.07,569,300,1.95,35,19.09,55.82,519,39,3.33,26,23.87,39.0,599,PAUSED
16:40:14,18.96,56.78,594,454,3.96,27,21.66,43.11,473,464,2.4,2,19.59,33.16,415,PRINTING
16:41:14,19.92,48.5,579,372,3.07,21,26.85,36.29,579,366,2.67,41,20.79,51.89,470,PRINTING
16:42:14,21.14,55.9,541,303,3.22,25,18.8,48.42,567,271,1.59,26,23.52,45.39,519,PRINTING
16:43:14,22.6,42.95,501,0,0.63,45,22.47,48.8,422,36,1.23,38,24.35,32.65,404,IDLE
16:44:14,21.69,36.66,388,53,2.76,50,26.43,50.2,387,47,1.55,25,21.1,55.81,389,PAUSED
16:45:14,18.79,35.79,512,151,1.96,21,22.92,59.98,454,188,2.93,34,26.73,58.0,394,PAUSED
16:46:14,21.56,47.47,444,249,4.86,10,19.68,50.3,594,225,2.43,33,18.38,45.07,480,ERROR
16:47:14,,,,,,,24.11,50.67,434,21,4.66,39,22.13,37.51,425,ERROR
16:48:14,24.25,54.47,473,322,3.02,3,20.09,39.21,413,470,2.35,41,23.28,53.97,417,ERROR
16:49:14,24.85,37.09,461,79,3.22,19,18.63,51.95,480,273,3.31,27,24.55,43.05,460,ERROR
16:50:14,26.01,49.7,545,15,4.52,6,24.19,38.11,483,204,2.13,17,26.92,49.29,444,IDLE
16:51:14,,,,,,,23.07,30.13,514,474,1.3,15,23.7,39.94,458,IDLE
16:52:14,20.69,35.84,424,217,4.31,1,26.22,43.69,530,50,0.21,30,23.01,56.61,458,IDLE
16:53:14,20.66,51.7,414,409,3.06,26,18.29,47.05,449,30,0.13,48,23.75,32.1,499,PAUSED
16:54:14,26.35,50.55,592,426,0.46,49,19.64,39.58,390,181,1.13,5,27.09,43.8,411,PAUSED
16:55:14,21.31,30.47,474,481,1.07,22,21.43,45.17,569,317,0.86,16,27.58,51.83,575,PRINTING
16:56:14,22.43,42.47,387,157,4.83,24,20.21,45.05,482,156,3.7,49,21.9,55.22,521,IDLE
16:57:14,24.98,40.9,429,36,2.28,18,19.28,56.61,542,227,0.79,2,27.49,53.7,582,PRINTING
16:58:14,27.07,54.37,380,359,4.27,46,24.66,51.69,485,79,3.79,45,22.36,38.86,500,ERROR
16:59:14,25.82,31.57,537,499,0.45,38,27.97,42.59,486,439,3.29,36,24.42,40.94,492,PRINTING
17:00:14,24.16,57.87,507,184,2.22,27,27.82,31.17,404,103,4.58,11,20.28,30.72,574,PRINTING
17:01:14,23.94,57.11,589,480,2.87,22,19.45,57.95,579,72,2.71,4,23.4,55.37,515,PRINTING
17:02:14,20.67,42.25,559,372,3.41,0,27.76,42.98,577,151,4.44,13,26.56,45.4,522,PRINTING
17:03:14,,,,,,,22.71,30.05,592,103,3.27,21,24.58,44.97,486,PRINTING
17:04:14,23.42,58.08,554,156,4.49,1,19.35,55.44,586,390,3.59,0,22.66,56.77,591,PRINTING
17:05:14,18.35,44.73,595,128,1.33,5,22.24,52.92,442,456,0.49,4,19.15,42.18,598,PAUSED
17:06:14,20.12,36.96,535,168,1.75,30,21.56,31.24,592,463,4.64,30,27.98,53.79,491,PRINTING
17:07:14,23.12,58.65,470,167,0.14,40,24.08,35.9,519,316,2.88,47,24.35,51.22,505,IDLE
17:08:14,18.03,31.47,412,104,4.81,15,19.44,47.26,430,187,0.51,7,18.12,35.52,479,IDLE
17:09:14,19.12,50.15,570,216,3.5,17,24.35,56.38,402,145,3.21,13,25.72,51.19,496,PRINTING
17:10:14,24.85,56.95,407,149,2.99,31,26.04,32.79,443,36,0.57,17,20.42,54.45,484,IDLE
17:11:14,20.15,57.53,400,46,4.68,39,22.87,49.69,521,6,0.91,20,25.52,57.8,495,ERROR
17:12:14,27.59,55.19,466,144,4.84,39,26.46,50.99,480,135,1.2,30,24.64,33.22,498,PAUSED
17:13:14,25.61,34.57,557,239,1.34,6,25.69,57.5,595,197,4.76,32,19.17,53.6,576,ERROR
17:14:14,24.22,32.44,464,137,4.63,8,24.46,43.91,504,100,0.62,40,21.02,44.29,414,PRINTING
17:15:14,27.87,34.43,417,416,2.14,18,26.09,33.78,503,230,2.11,16,19.5,42.46,498,PRINTING
17:16:14,22.31,57.45,555,164,0.55,7,18.34,43.57,406,375,2.85,38,22.63,47.35,402,IDLE
17:17:14,26.11,45.16,508,106,1.68,38,22.55,34.62,388,37,2.59,29,22.57,38.12,417,ERROR
17:18:14,25.58,42.45,536,410,0.3,17,23.64,50.85,534,470,0.34,13,20.85,51.61,458,IDLE
17:19:14,23.06,39.52,413,99,1.29,1,23.54,37.48,445,143,0.22,31,18.93,46.25,401,PRINTING
17:20:14,23.09,51.93,473,43,2.5,40,23.05,42.43,551,33,2.35,7,18.36,53.07,386,IDLE
17:21:14,24.18,40.59,497,227,1.32,23,19.63,56.05,517,294,1.08,18,18.89,45.47,472,PRINTING
17:22:14,26.78,31.97,449,58,4.48,25,21.41,38.74,556,253,2.81,16,18.49,48.48,387,IDLE
17:23:14,19.69,45.58,480,194,3.96,17,20.9,44.83,435,125,1.54,47,18.82,56.6,600,ERROR
17:24:14,,,,,,,25.27,58.79,432,85,1.72,43,,,,PAUSED
17:25:14,18.96,37.3,435,472,0.93,37,,,,,,,22.62,55.73,559,PAUSED
17:26:14,27.79,36.99,387,143,4.84,11,25.92,47.42,484,426,4.07,32,24.13,46.19,521,ERROR
17:27:14,19.33,59.46,564,129,1.29,22,22.87,48.38,427,372,4.38,41,18.49,59.14,415,IDLE
17:28:14,20.37,35.03,575,485,3.33,21,19.19,57.57,531,457,3.31,23,18.23,30.93,444,ERROR
17:29:14,27.64,45.1,543,362,1.36,8,26.83,40.38,427,289,0.92,7,22.43,51.99,444,IDLE
17:30:14,21.28,54.14,424,282,2.27,2,18.99,44.1,530,306,0.38,20,20.08,31.68,388,PAUSED
17:31:14,23.47,54.96,443,471,2.61,5,25.55,32.62,583,233,1.73,37,20.21,41.31,381,IDLE
17:32:14,,,,,,,22.13,40.84,429,243,2.88,35,26.84,59.58,579,PRINTING
17:33:14,22.26,58.31,587,429,1.93,14,27.23,53.44,572,474,0.18,47,24.86,39.35,530,PAUSED
17:34:14,24.68,30.06,477,455,3.7,4,18.33,37.1,428,319,4.84,18,20.4,36.59,589,PRINTING
17:35:14,19.9,57.43,408,125,3.37,47,23.78,53.66,593,20,2.41,17,22.87,35.49,433,ERROR
17:36:14,18.69,50.3,569,15,4.53,7,23.38,42.13,470,109,3.45,16,23.94,39.39,410,IDLE
17:37:14,23.66,45.2,574,205,0.34,42,27.26,46.07,434,490,3.05,32,21.21,46.86,543,ERROR
17:38:14,19.38,43.49,425,459,1.77,20,20.36,46.88,442,425,0.71,4,18.63,36.54,455,IDLE
17:39:14,23.88,58.83,430,5,2.83,40,,,,,,,,,,ERROR
17:40:14,,,,,,,20.68,41.12,579,95,0.81,41,25.16,53.93,392,ERROR
17:41:14,27.22,31.7,483,7,3.87,19,20.43,30.72,394,278,3.53,15,20.38,59.14,506,PAUSED
17:42:14,23.45,49.93,398,48,0.79,34,23.48,45.27,535,256,0.72,8,22.1,53.9,477,ERROR
17:43:14,,,,,,,26.34,41.31,568,254,0.32,22,20.07,37.25,565,PAUSED
17:44:14,19.17,46.21,554,493,3.41,33,24.63,40.14,600,459,4.01,10,20.1,44.32,418,PRINTING
17:45:14,23.1,44.97,499,132,0.28,4,23.5,39.83,521,136,3.03,33,21.67,35.89,562,PRINTING
17:46:14,19.48,37.58,391,136,4.39,11,26.74,50.62,583,19,0.4,39,20.64,47.37,447,PRINTING
17:47:14,19.81,44.96,591,471,2.11,3,20.85,51.64,397,100,0.75,29,19.67,53.52,485,ERROR
17:48:14,25.15,35.36,599,494,0.48,13,22.09,38.26,498,249,1.49,4,18.06,37.31,566,PRINTING
17:49:14,26.88,46.34,494,163,2.96,16,18.98,43.69,396,40,2.05,18,19.35,33.59,528,PAUSED
17:50:14,18.97,56.71,419,455,0.15,14,27.02,45.04,482,212,0.52,45,18.34,56.81,446,PAUSED
17:51:14,,,,,,,20.55,36.91,391,252,2.77,38,24.96,48.49,445,PRINTING
17:52:14,22.57,44.01,480,281,1.08,9,24.33,36.49,387,237,2.37,1,25.16,40.11,577,PAUSED
17:53:14,,,,,,,26.2,59.22,412,179,4.6,37,21.2,48.06,600,IDLE
17:54:14,20.63,33.44,456,292,3.74,15,27.98,55.09,555,408,0.21,35,23.01,46.91,485,PRINTING
17:55:14,23.19,32.74,589,347,3.73,3,23.93,35.43,580,499,1.77,14,18.45,30.07,510,ERROR
17:56:14,21.31,59.97,584,33,1.9,46,20.39,46.55,442,284,3.97,33,,,,PRINTING
17:57:14,23.27,34.95,450,229,0.73,6,21.11,33.03,566,472,3.49,8,22.75,50.69,458,IDLE
17:58:14,27.12,53.08,437,225,3.74,30,21.65,46.05,583,435,3.23,39,19.03,37.06,443,PAUSED
17:59:14,24.86,42.83,528,448,4.49,23,24.89,37.09,546,189,2.55,40,22.36,59.66,425,IDLE
18:00:14,20.84,46.97,454,258,1.74,17,25.04,47.16,465,354,1.23,11,,,,ERROR
18:01:14,27.18,53.93,412,20,3.63,18,26.34,59.97,516,19,2.89,13,23.33,39.26,415,PRINTING
18:02:14,19.33,32.77,539,107,4.59,25,19.76,44.82,549,31,2.88,27,22.87,35.79,561,IDLE
18:03:14,20.23,47.6,578,110,3.24,38,20.27,39.97,592,314,4.73,24,25.44,46.41,475,PAUSED
18:04:14,23.2,45.48,425,364,0.05,11,23.56,50.34,571,56,1.29,14,27.72,47.06,454,ERROR
18:05:14,19.51,54.99,408,445,3.34,42,27.51,50.38,578,212,3.89,37,20.17,52.08,527,PAUSED
18:06:14,22.82,52.93,395,63,3.15,24,24.87,57.16,454,497,4.27,3,19.68,48.45,524,PAUSED
18:07:14,20.56,42.57,449,56,3.15,8,26.77,42.6,393,118,3.93,12,20.71,43.52,392,PAUSED
18:08:14,21.81,47.89,494,197,4.21,2,20.36,47.81,450,3,4.4,3,22.33,51.26,417,IDLE
18:09:14,21.38,34.6,411,267,4.63,0,26.54,37.35,425,252,3.09,45,19.95,56.44,411,IDLE
18:10:14,19.43,36.64,413,157,0.74,43,25.74,51.3,419,46,1.81,46,26.12,45.15,488,ERROR
18:11:14,23.09,39.61,566,387,3.61,12,26.23,50.2,541,79,3.4,17,21.26,37.39,511,PRINTING
18:12:14,20.92,32.39,553,478,2.81,14,21.88,31.28,437,413,1.8,19,27.8,44.9,475,IDLE
18:13:14,24.19,44.28,402,201,2.9,32,18.08,31.22,512,336,3.49,3,27.34,44.51,399,IDLE
18:14:14,21.89,53.86,477,380,0.41,43,22.87,39.98,592,129,3.58,33,26.52,49.36,411,ERROR
18:15:14,23.06,34.2,548,228,4.2,5,23.18,48.75,398,381,2.84,1,23.3,44.9,427,IDLE
18:16:14,26.51,30.24,554,458,4.38,4,18.72,38.29,525,238,3.12,41,26.92,58.63,471,IDLE
18:17:14,24.84,32.11,579,323,3.86,23,23.64,30.71,588,184,4.63,46,25.74,37.08,515,IDLE
18:18:14,23.62,37.39,483,55,1.24,26,24.25,44.44,458,411,1.97,12,26.29,36.79,499,IDLE
18:19:14,18.56,51.88,510,434,4.37,32,23.28,37.95,571,303,1.53,42,27.03,45.09,474,ERROR
18:20:14,20.23,51.92,406,399,3.67,2,20.23,45.85,596,319,1.99,39,,,,ERROR
18:21:14,20.7,41.37,477,179,3.35,50,24.47,31.47,497,276,0.21,50,27.7,51.84,581,IDLE
18:22:14,27.33,42.68,539,122,3.05,2,18.67,58.93,507,273,0.35,31,,,,ERROR
18:23:14,20.48,52.35,487,311,0.25,48,23.92,54.44,461,172,3.29,29,26.44,40.18,574,IDLE
18:24:14,27.52,58.35,464,99,1.21,35,21.77,58.83,393,337,2.52,16,25.76,57.63,415,ERROR
18:25:14,22.18,56.32,476,267,3.68,48,21.8,56.81,453,475,3.98,36,18.82,34.65,513,PRINTING
18:26:14,21.82,47.96,476,470,4.14,36,24.52,57.11,574,447,0.63,27,19.47,41.26,394,PRINTING
18:27:14,25.58,45.39,428,282,1.11,41,26.58,42.45,400,318,1.28,11,25.81,32.71,568,IDLE
18:28:14,18.91,36.93,478,228,1.15,16,18.41,44.53,556,421,4.37,9,19.14,40.9,504,IDLE
18:29:14,22.69,37.15,587,195,4.02,18,21.24,50.21,582,123,1.44,22,18.05,35.5,521,PAUSED
18:30:14,20.69,36.16,510,28,3.88,10,21.12,31.39,480,432,1.35,27,19.37,58.26,504,IDLE
18:31:14,23.75,57.89,422,64,0.37,24,27.11,47.28,512,223,1.9,10,27.52,43.79,400,ERROR
18:32:14,20.57,52.44,479,168,1.33,42,,,,,,,,,,IDLE
18:33:14,18.99,41.43,539,454,3.05,45,22.35,40.3,398,343,3.51,46,26.93,48.33,588,PAUSED
18:34:14,23.47,56.48,435,146,1.86,26,21.0,56.99,449,43,3.78,22,27.25,59.45,476,ERROR
18:35:14,18.7,49.25,426,18,1.36,10,22.34,31.82,396,413,3.76,13,25.21,42.01,475,IDLE
18:36:14,19.58,51.91,442,466,1.12,33,,,,,,,27.0,48.43,419,PRINTING
18:37:14,18.53,32.11,390,461,0.42,29,26.9,32.31,436,123,3.64,27,25.92,54.51,458,PRINTING
18:38:14,22.7,56.64,517,41,4.04,50,23.71,46.88,500,379,2.28,37,27.24,50.46,502,PAUSED
18:39:14,20.71,52.7,530,499,3.17,39,18.07,49.97,571,395,4.46,32,,,,PRINTING
18:40:14,22.29,54.52,539,495,4.25,15,21.99,51.74,578,73,0.71,22,20.0,43.82,514,PRINTING
18:41:14,23.71,59.01,585,241,0.71,34,21.02,49.81,466,121,3.72,6,19.74,31.41,485,ERROR
18:42:14,27.55,30.88,591,426,2.65,38,25.48,36.77,417,67,4.66,43,22.27,41.3,459,PAUSED
18:43:14,22.78,35.75,481,272,2.67,16,23.64,31.67,416,353,4.98,19,18.4,58.9,413,IDLE
18:44:14,22.8,45.41,420,353,4.47,15,24.63,33.47,402,374,2.78,37,27.61,50.18,529,ERROR
18:45:14,23.49,31.9,393,65,0.54,44,24.94,54.38,414,255,3.23,1,25.32,46.13,447,PRINTING
18:46:14,25.52,50.67,387,423,2.36,31,20.5,49.41,470,456,2.74,21,21.39,46.35,400,IDLE
18:47:14,24.63,31.69,513,351,2.53,48,21.01,46.67,586,91,1.54,39,22.74,37.96,505,PAUSED
18:48:14,25.16,53.2,385,28,3.11,16,27.63,43.1,463,494,2.56,12,21.05,41.79,497,PAUSED
18:49:14,23.2,58.16,462,442,2.36,24,,,,,,,18.8,40.4,590,IDLE
18:50:14,26.62,32.01,438,150,4.12,9,22.75,56.8,424,230,2.38,14,25.43,41.98,404,PAUSED
18:51:14,22.5,45.94,537,245,2.39,44,20.23,57.88,467,242,4.9,0,23.21,50.58,470,PRINTING
18:52:14,,,,,,,26.51,36.65,387,371,0.43,3,25.66,33.71,405,IDLE
18:53:14,23.88,33.27,505,407,3.92,37,27.38,50.9,410,99,3.21,22,22.37,56.91,496,PRINTING
18:54:14,22.72,36.61,594,159,2.48,18,22.62,32.83,460,421,4.92,20,26.5,58.91,433,PRINTING
18:55:14,22.06,46.32,399,374,2.67,10,24.54,32.83,513,214,4.56,4,24.75,49.94,540,IDLE
18:56:14,25.44,37.69,458,478,4.37,25,21.06,39.39,467,110,0.16,49,25.22,41.38,443,IDLE
18:57:14,,,,,,,19.3,41.17,586,58,0.88,33,27.91,30.01,450,PAUSED
18:58:14,24.33,52.84,547,444,3.43,7,19.68,48.41,544,18,2.79,30,23.66,52.81,527,PAUSED
18:59:14,25.59,38.79,524,77,2.39,11,23.75,36.74,449,90,0.09,20,23.99,50.84,534,PAUSED
19:00:14,,,,,,,26.96,53.75,531,57,3.2,8,19.47,31.47,414,PAUSED
19:01:14,26.14,49.96,562,246,3.63,5,18.25,43.61,555,45,1.95,13,,,,PAUSED
19:02:14,22.69,56.55,456,168,4.63,42,20.52,55.58,541,329,0.42,7,26.37,56.49,436,PRINTING
19:03:14,22.09,58.07,579,151,2.88,25,18.54,35.94,528,433,3.51,8,23.78,46.24,552,PAUSED
19:04:14,20.1,45.3,440,78,2.65,44,20.95,36.58,496,358,2.44,19,26.61,30.74,540,ERROR
19:05:14,21.97,35.53,587,268,2.01,27,24.85,38.71,509,311,4.37,21,23.47,32.5,529,ERROR
19:06:15,23.79,38.07,462,70,3.18,32,27.35,30.14,525,385,0.96,33,18.44,56.66,574,IDLE
19:07:15,19.27,41.86,600,401,4.75,1,23.66,46.4,496,488,3.64,11,19.45,34.12,417,PRINTING
19:08:15,27.37,52.23,546,313,0.72,23,27.52,58.2,573,47,0.03,33,21.83,51.87,436,ERROR
19:09:15,23.73,49.24,385,166,4.48,47,21.47,52.36,512,250,0.68,2,25.0,57.01,453,PRINTING
19:10:15,23.41,43.88,484,180,4.17,37,20.91,35.58,498,360,1.7,2,21.09,42.61,536,IDLE
19:11:15,24.58,52.39,468,90,1.8,49,25.92,36.05,472,222,1.26,28,21.99,45.97,504,PRINTING
19:12:15,21.59,31.75,394,125,1.24,22,18.98,58.39,419,41,3.62,23,27.87,36.06,404,ERROR
19:13:15,20.45,36.18,381,483,2.48,44,20.41,45.02,460,313,3.94,0,19.83,33.4,396,IDLE
19:14:15,18.14,40.16,516,448,4.23,10,,,,,,,26.26,56.81,572,PAUSED
19:15:15,18.16,32.12,527,56,0.54,41,24.09,50.64,569,140,3.2,45,18.01,49.36,496,PAUSED
19:16:15,25.54,33.72,394,40,2.93,38,23.74,44.47,593,157,3.19,47,25.25,46.81,532,ERROR
19:17:15,23.27,35.84,451,250,2.6,9,25.06,40.2,576,87,1.41,42,23.93,42.45,432,ERROR
19:18:15,20.44,58.03,553,110,4.34,6,22.55,51.27,429,364,0.12,36,25.12,56.12,485,IDLE
19:19:15,25.35,58.02,397,483,2.0,43,22.65,38.52,401,490,1.55,31,25.57,54.27,434,PAUSED
19:20:15,20.66,44.35,510,225,2.91,18,26.31,42.47,380,269,4.55,13,22.68,59.21,448,PRINTING
19:21:15,19.6,38.21,462,107,0.79,23,27.72,49.08,600,47,0.22,17,27.01,50.59,555,PAUSED
19:22:15,19.0,49.31,439,96,1.06,31,,,,,,,18.39,33.88,537,PAUSED
19:23:15,22.91,51.8,541,177,1.74,40,,,,,,,,,,PAUSED
19:24:15,27.42,55.32,518,232,0.23,13,27.68,35.12,476,31,3.7,28,27.49,56.26,510,IDLE
19:25:15,18.07,54.14,522,305,3.84,16,18.19,47.0,530,37,3.9,32,23.05,39.75,425,IDLE
19:26:15,23.23,35.73,505,48,3.86,5,23.46,32.37,549,297,2.55,5,21.99,53.33,417,IDLE
19:27:15,,,,,,,23.55,52.05,513,278,3.03,30,20.98,31.43,516,IDLE
19:28:15,26.68,33.77,472,200,4.46,0,24.21,54.29,498,59,3.48,32,24.93,39.46,381,ERROR
19:29:15,20.02,53.59,442,24,0.59,47,19.08,35.62,535,452,3.45,35,26.31,59.34,401,ERROR
19:30:15,18.87,41.65,544,121,0.27,15,22.67,49.45,575,105,2.16,22,18.54,40.87,468,IDLE
19:31:15,25.75,47.28,404,275,4.86,43,20.88,42.02,497,304,4.31,7,27.05,30.25,524,ERROR
19:32:15,18.34,33.09,442,171,1.88,4,25.96,40.67,406,304,2.29,32,23.82,30.95,386,PAUSED
19:33:15,24.5,47.29,434,48,0.8,20,,,,,,,21.27,58.62,487,PAUSED
19:34:15,22.59,52.19,579,341,0.8,49,19.02,39.14,382,184,4.77,25,25.65,45.08,503,IDLE
19:35:15,18.41,43.25,475,25,4.34,7,19.57,53.64,408,126,1.08,38,20.85,58.07,573,IDLE
19:36:15,26.98,55.82,582,288,3.1,20,18.66,47.24,598,47,3.81,42,26.8,36.58,493,PAUSED
19:37:15,23.43,55.31,434,60,0.29,17,21.57,49.15,566,447,3.38,39,26.7,59.64,444,IDLE
19:38:15,28.0,41.28,504,191,4.12,14,22.83,39.34,547,381,3.14,45,18.65,30.14,569,PAUSED
19:39:15,18.74,39.8,453,122,1.96,22,26.07,49.84,383,325,4.43,14,24.99,34.05,595,IDLE
19:40:15,22.85,53.53,515,97,3.0,19,26.54,49.3,552,222,4.24,25,22.83,59.82,470,PRINTING
19:41:15,19.76,30.91,560,60,2.84,28,18.5,56.85,381,264,0.87,4,24.05,43.7,513,PAUSED
19:42:15,27.38,38.76,412,452,2.1,3,26.19,31.26,499,293,0.97,38,25.78,38.79,502,ERROR
19:43:15,20.75,32.93,569,399,3.25,10,21.3,38.26,432,437,1.79,6,18.7,53.21,434,ERROR
19:44:15,21.89,38.29,404,229,4.97,40,27.03,59.32,501,227,2.44,40,19.5,36.11,549,IDLE
19:45:15,19.36,34.45,559,266,4.48,7,18.15,47.52,472,440,4.6,24,23.3,50.32,476,PRINTING
19:46:15,24.66,39.37,598,117,0.69,14,24.19,53.14,591,95,3.52,6,21.39,54.84,417,IDLE
19:47:15,26.45,30.14,562,453,1.29,21,23.35,45.07,465,411,2.97,23,27.37,46.23,391,PRINTING
19:48:15,20.56,42.15,599,455,4.2,12,25.01,43.63,470,80,1.0,25,25.42,37.32,501,PAUSED
19:49:15,24.78,58.87,513,414,4.7,34,26.17,50.26,502,2,0.67,49,25.62,58.59,387,ERROR
19:50:15,21.52,59.12,478,176,1.52,19,19.72,49.85,422,85,1.38,10,25.45,53.03,493,PAUSED
19:51:15,21.09,35.37,508,289,2.06,31,21.1,55.01,474,18,1.4,31,19.04,50.85,428,IDLE
19:52:15,25.56,33.89,547,199,3.44,6,25.29,52.15,501,490,3.92,27,20.56,54.3,586,PRINTING
19:53:15,22.34,34.38,568,143,2.81,25,20.1,54.62,562,81,4.44,30,22.51,30.47,505,PAUSED
19:54:15,20.81,54.42,428,195,2.08,20,21.86,30.08,595,394,2.32,19,27.28,54.18,578,ERROR
19:55:15,25.7,39.29,387,217,2.15,14,19.24,41.11,487,31,3.79,20,26.08,40.61,423,PRINTING
19:56:15,23.88,58.63,521,61,3.03,22,18.9,50.2,447,284,1.82,14,22.42,57.54,467,PRINTING
19:57:15,24.34,57.63,577,278,3.85,41,24.64,34.18,442,235,0.32,32,21.06,47.26,543,IDLE
19:58:15,24.19,41.85,466,213,4.48,8,21.43,50.86,599,241,1.03,27,22.83,52.49,494,IDLE
19:59:15,21.72,49.83,542,9,4.01,30,19.07,52.92,540,79,4.1,22,20.98,42.37,385,PRINTING
20:00:15,24.58,48.79,530,243,4.87,33,26.84,51.74,476,201,1.97,20,24.4,32.37,590,PAUSED
20:01:15,22.32,33.3,448,64,2.87,12,27.22,56.14,546,307,0.6,45,26.36,53.9,432,ERROR
20:02:15,24.15,35.03,580,57,2.48,48,26.38,56.73,418,433,3.83,50,,,,PAUSED
20:03:15,23.44,59.14,434,116,1.56,34,27.96,50.3,511,338,4.78,26,,,,IDLE
20:04:15,23.75,33.17,399,376,3.24,50,27.93,53.04,588,267,3.91,33,24.59,36.16,480,PRINTING
20:05:15,24.89,54.75,510,86,3.52,49,22.3,54.73,568,321,3.41,45,23.74,39.59,576,IDLE
20:06:15,26.08,55.37,438,214,4.97,50,26.73,36.91,551,234,1.83,21,24.4,33.44,590,IDLE
20:07:15,22.72,33.93,522,468,2.86,1,19.03,33.1,457,239,4.34,47,22.55,51.59,578,IDLE
20:08:15,25.24,52.31,581,240,3.69,0,25.0,33.04,450,274,1.21,22,21.2,59.99,509,PAUSED
20:09:15,22.88,44.74,587,169,0.73,38,22.65,44.42,389,437,4.88,22,24.42,47.52,429,IDLE
20:10:15,23.96,32.57,555,475,2.3,43,24.04,51.71,414,8,4.67,17,,,,PRINTING
20:11:15,19.57,50.81,399,111,2.6,5,21.43,30.51,468,389,3.24,24,24.45,44.96,521,IDLE
20:12:15,19.8,50.83,549,486,0.18,48,,,,,,,20.25,58.05,389,PAUSED
20:13:15,25.82,51.86,468,88,2.37,47,19.41,54.35,477,352,2.76,12,24.57,46.76,414,IDLE
20:14:15,21.02,32.42,484,36,2.75,33,26.15,53.32,527,166,1.99,19,21.39,44.86,441,IDLE
20:15:15,23.64,53.4,497,234,3.22,43,18.52,46.99,433,258,1.44,44,23.98,55.1,382,IDLE
20:16:15,20.65,35.46,533,339,1.8,1,22.15,54.86,515,301,3.95,46,20.74,45.33,544,IDLE
20:17:15,24.26,47.66,579,123,2.64,5,27.51,44.39,543,82,4.9,22,22.32,36.81,471,ERROR
20:18:15,24.66,46.2,598,113,4.63,21,22.17,44.52,502,431,3.8,33,26.3,57.45,553,PAUSED
20:19:15,20.1,51.88,565,484,0.61,23,27.83,49.17,490,97,0.42,22,27.99,46.22,527,IDLE
20:20:15,18.71,45.18,428,110,1.53,36,26.55,43.35,555,223,3.3,2,23.5,49.3,559,ERROR
20:21:15,25.62,59.07,562,337,2.1,46,19.59,51.43,433,82,2.9,23,21.15,56.65,539,ERROR
20:22:15,23.41,54.06,491,291,2.69,24,23.59,55.52,596,229,2.8,48,24.67,47.84,547,IDLE
20:23:15,19.04,34.33,589,70,0.79,17,22.12,53.13,440,73,0.34,3,19.92,30.62,544,PRINTING
20:24:15,25.72,31.77,443,255,1.16,17,22.74,50.68,419,162,1.79,25,,,,PRINTING
20:25:15,20.36,54.06,514,163,3.42,45,23.73,37.39,465,150,1.8,13,23.91,47.96,524,IDLE
20:26:15,25.24,48.78,487,450,4.4,29,21.38,57.63,534,67,4.7,50,27.31,35.96,565,ERROR
20:27:15,22.69,44.55,467,414,0.44,37,26.74,48.8,497,164,4.64,0,26.61,43.5,423,ERROR
20:28:15,20.48,49.03,565,161,1.38,42,24.25,30.45,483,423,2.64,22,18.55,50.12,567,IDLE
20:29:15,23.89,35.82,492,243,2.15,44,21.13,31.93,475,270,4.84,7,27.6,53.07,497,IDLE
20:30:15,24.4,54.61,493,29,0.06,5,25.28,43.46,496,132,3.76,41,23.49,55.62,440,PAUSED
20:31:15,24.25,40.37,552,499,3.9,31,24.81,31.08,439,290,3.61,5,21.9,45.38,451,ERROR
20:32:15,20.94,32.16,506,314,4.22,27,21.63,51.9,496,131,2.32,41,18.14,30.41,598,PRINTING
20:33:15,25.11,59.73,565,377,2.22,45,19.03,47.38,565,129,1.62,1,27.33,52.14,576,PAUSED
20:34:15,26.89,45.5,552,365,1.25,18,19.44,38.08,556,478,0.56,47,22.25,38.69,582,ERROR
20:35:15,25.45,57.28,529,432,2.26,47,,,,,,,20.01,55.26,488,ERROR
20:36:15,21.98,34.33,501,195,1.94,50,27.12,48.59,424,11,2.33,29,23.8,38.84,508,ERROR
20:37:15,23.4,50.7,459,232,4.18,28,19.23,31.5,412,317,4.88,35,18.42,54.25,391,PAUSED
20:38:15,19.84,56.39,405,354,0.71,15,22.3,37.22,516,397,4.29,3,21.68,57.92,438,PRINTING
20:39:15,25.05,44.85,570,395,0.78,31,18.29,45.73,551,437,1.79,29,20.61,53.85,532,IDLE
20:40:15,22.42,47.19,525,38,4.01,10,27.74,42.34,586,489,2.39,31,25.9,41.39,484,ERROR
20:41:15,23.21,41.03,543,412,3.2,41,22.11,38.25,475,407,3.52,32,23.54,56.14,466,ERROR
20:42:15,24.51,34.26,574,467,4.6,18,23.54,38.81,558,13,1.97,38,26.65,59.92,497,ERROR
20:43:15,19.46,44.97,457,476,1.78,15,18.11,31.67,542,2,4.23,46,27.61,59.18,524,IDLE
20:44:15,18.26,49.52,400,446,4.26,14,27.69,49.98,407,351,2.1,16,25.25,38.83,484,IDLE
20:45:15,19.63,59.11,569,32,0.55,20,18.15,30.74,419,293,4.21,12,22.02,49.37,489,ERROR
20:46:15,26.09,34.9,500,404,1.41,8,23.6,46.02,495,262,3.42,35,,,,ERROR
20:47:15,21.57,31.78,463,105,3.36,39,25.71,53.37,553,369,2.17,42,22.84,32.33,445,IDLE
20:48:15,26.27,57.45,523,413,1.98,14,26.11,55.54,494,76,1.64,43,25.12,49.88,546,PRINTING
20:49:15,24.61,50.12,560,140,2.43,4,23.39,48.93,481,30,2.16,33,19.17,44.68,483,ERROR
20:50:15,18.66,50.03,571,438,4.23,34,23.07,31.73,402,21,0.71,28,24.37,53.63,416,PRINTING
20:51:15,24.3,39.01,401,235,3.5,13,23.26,32.56,593,304,0.19,13,24.36,43.78,482,ERROR
20:52:15,18.27,37.6,450,393,2.49,43,22.83,53.12,472,364,3.52,12,,,,PAUSED
20:53:15,23.56,41.31,438,466,4.57,9,21.13,31.4,387,305,0.46,31,21.03,32.25,575,IDLE
20:54:15,21.86,36.25,544,41,4.74,30,27.43,53.01,554,195,0.64,4,23.44,46.18,576,IDLE
20:55:15,20.17,49.69,430,53,1.42,31,27.29,51.06,559,384,4.88,1,18.68,56.23,591,PAUSED
20:56:15,21.76,40.23,431,260,3.39,36,21.78,38.86,393,119,2.04,30,22.46,52.39,468,IDLE
20:57:15,23.18,40.84,466,316,2.91,39,27.53,48.15,392,381,0.18,35,21.02,32.24,395,PRINTING
20:58:15,,,,,,,18.88,38.11,560,199,1.0,31,20.69,48.11,530,IDLE
20:59:15,24.28,51.1,470,257,2.56,34,18.79,43.88,385,438,2.62,4,27.83,58.87,588,ERROR
21:00:15,26.12,33.54,390,227,0.23,50,24.98,46.16,437,214,1.97,10,20.46,32.3,455,PRINTING
21:01:15,19.52,43.12,562,113,4.86,50,22.28,53.98,587,158,3.72,10,21.7,31.7,547,PRINTING
21:02:15,27.63,53.58,422,69,4.39,1,27.1,46.67,419,200,1.0,2,22.78,36.72,540,IDLE
21:03:15,23.99,34.64,579,442,4.58,11,24.97,37.23,406,247,4.49,4,21.87,50.32,523,IDLE
21:04:15,20.14,32.4,383,91,2.6,16,25.43,34.25,420,415,0.47,10,18.94,35.13,489,PRINTING
21:05:15,22.23,44.79,521,165,1.52,28,19.78,36.59,407,39,0.94,15,23.47,34.71,507,IDLE
21:06:15,26.08,55.42,527,72,2.21,31,24.43,43.45,546,81,4.77,37,20.54,54.47,382,PAUSED
21:07:15,19.65,38.92,559,241,1.77,19,26.57,39.44,493,166,2.81,22,23.84,42.88,436,PAUSED
21:08:15,26.72,52.39,573,428,0.04,16,24.51,37.22,541,115,0.04,36,27.21,34.17,424,IDLE
21:09:15,,,,,,,20.34,30.86,413,436,2.56,35,20.43,32.45,579,ERROR
21:10:15,22.0,48.97,395,244,4.49,2,26.26,59.06,523,337,2.77,6,19.37,56.26,424,PRINTING
21:11:15,18.24,32.02,468,220,1.31,14,27.63,40.68,517,300,1.47,9,18.34,46.46,561,IDLE
21:12:15,20.99,48.78,459,9,2.04,41,26.44,57.86,528,348,4.28,31,23.53,52.04,536,ERROR
21:13:15,25.72,49.84,591,442,2.88,35,18.38,40.65,426,410,4.95,25,,,,ERROR
21:14:15,27.2,51.5,508,78,4.12,50,22.35,49.92,535,320,4.71,29,22.64,47.99,393,PRINTING
21:15:15,25.89,50.3,382,31,2.01,11,,,,,,,25.26,52.34,515,PRINTING
21:16:15,26.89,46.2,447,90,2.73,17,24.05,54.15,430,124,4.05,28,23.37,49.35,596,PAUSED
21:17:15,25.7,59.99,516,463,0.04,30,26.04,33.19,462,5,1.54,2,27.43,58.19,567,ERROR
21:18:15,24.16,37.52,531,275,3.83,14,20.86,44.6,496,280,2.82,34,26.43,57.58,511,PRINTING
21:19:15,18.34,50.99,472,99,4.08,24,26.82,55.44,459,413,3.76,23,21.98,53.81,556,ERROR
21:20:15,24.58,35.51,391,216,4.82,12,24.26,48.57,556,168,4.7,5,20.78,51.9,518,IDLE
21:21:15,19.14,47.66,578,69,2.14,18,27.31,35.74,389,315,0.24,42,26.85,48.99,410,ERROR
21:22:15,21.74,35.87,523,400,2.77,47,27.8,44.77,426,215,2.96,34,19.67,54.16,512,PRINTING
21:23:15,22.69,31.96,399,114,1.41,2,,,,,,,21.73,48.58,471,PAUSED
21:24:15,23.8,50.29,528,499,2.66,5,21.12,30.74,454,431,3.62,27,24.82,48.02,429,IDLE
21:25:15,27.49,49.37,408,413,2.32,26,23.19,59.18,436,384,0.39,18,21.98,48.07,560,ERROR
21:26:15,21.41,32.28,502,44,0.66,25,26.52,38.99,562,361,0.11,20,18.14,41.08,479,PAUSED
21:27:15,27.05,50.09,562,134,3.24,11,26.18,30.72,491,98,2.14,13,23.13,56.52,455,PAUSED
21:28:15,20.24,55.53,521,295,2.41,35,23.35,54.5,391,392,3.43,21,27.11,53.48,490,ERROR
21:29:15,18.99,51.35,448,235,2.75,38,21.31,52.99,581,147,0.63,18,25.89,33.5,403,IDLE
21:30:15,23.92,36.54,466,159,2.18,33,22.39,46.06,404,427,2.36,34,23.87,49.15,403,PRINTING
21:31:15,26.59,44.62,573,218,2.39,33,18.3,58.32,521,288,2.38,4,21.54,39.51,409,PRINTING
21:32:15,19.47,57.7,556,48,3.75,10,20.93,49.3,593,275,0.25,12,23.18,40.22,539,IDLE
21:33:15,24.53,47.11,418,172,3.96,2,22.09,42.62,581,414,1.99,45,25.83,30.14,453,PAUSED
21:34:15,27.23,44.43,431,189,1.29,31,22.87,49.37,548,132,4.58,27,25.62,36.12,581,ERROR
21:35:15,,,,,,,18.14,31.17,443,86,2.74,38,21.4,49.44,554,PRINTING
21:36:15,27.58,33.47,589,347,1.35,33,,,,,,,,,,PAUSED
21:37:15,19.67,53.6,584,235,2.43,39,25.56,54.85,509,76,4.51,18,,,,ERROR
21:38:15,19.18,35.37,436,489,2.8,30,20.8,49.44,453,54,2.0,0,21.51,42.74,470,PAUSED
21:39:15,21.88,51.55,392,403,2.14,46,19.25,53.12,412,469,1.49,28,18.33,51.36,562,ERROR
21:40:15,20.59,43.19,505,425,1.72,47,24.4,34.04,597,206,4.3,33,23.97,46.33,530,PRINTING
21:41:15,20.82,42.96,413,179,3.75,22,20.33,34.12,446,296,0.71,38,25.37,41.73,551,ERROR
21:42:15,21.35,40.13,381,236,2.08,40,25.02,50.05,459,27,2.41,18,26.11,30.51,453,ERROR
21:43:15,20.07,45.18,420,373,4.31,6,21.31,59.0,595,75,0.22,40,,,,IDLE
21:44:15,19.43,49.3,450,207,1.9,0,24.32,42.2,563,103,2.51,18,23.69,38.6,554,ERROR
21:45:15,18.7,41.52,476,368,0.68,36,27.22,40.46,447,82,1.03,27,18.91,50.26,469,IDLE
21:46:15,18.95,58.44,494,272,2.55,2,27.04,31.5,460,269,1.18,13,25.56,34.32,484,ERROR
21:47:15,22.07,54.25,566,2,4.14,47,19.22,49.98,554,328,0.63,7,24.12,44.82,419,PRINTING
21:48:15,26.96,45.92,538,127,4.46,5,19.34,43.57,592,48,4.66,43,23.94,59.36,561,ERROR
21:49:15,25.95,30.85,386,389,1.99,13,18.2,33.23,387,171,0.16,41,26.75,50.73,542,ERROR
21:50:15,27.78,48.79,399,194,1.32,50,18.62,53.93,595,340,0.4,13,,,,IDLE
21:51:15,20.22,39.98,410,241,1.99,29,23.58,44.38,432,250,0.46,26,25.89,42.11,524,IDLE
21:52:15,27.0,59.88,405,483,4.4,16,,,,,,,22.46,58.87,445,PAUSED
21:53:15,27.43,46.11,408,351,2.75,36,19.15,52.73,383,396,4.48,6,20.83,30.27,441,PAUSED
21:54:15,22.49,31.47,412,225,4.63,23,,,,,,,26.85,30.23,415,IDLE
21:55:15,18.62,41.31,599,395,4.8,25,18.34,41.92,531,159,1.52,50,25.09,54.43,394,PRINTING
21:56:15,22.69,54.42,573,270,1.95,26,26.77,58.31,391,218,1.32,32,22.67,59.67,524,IDLE
21:57:15,25.2,35.43,577,358,4.91,36,23.67,36.75,489,44,0.46,9,18.21,35.96,463,PRINTING
21:58:15,23.48,48.65,407,281,4.56,28,19.69,46.02,600,199,2.47,10,21.55,36.72,505,ERROR
21:59:15,25.77,44.41,498,39,0.87,26,23.25,50.71,458,379,1.28,19,23.44,33.64,545,ERROR
22:00:15,,,,,,,23.55,38.5,384,425,0.3,17,25.17,55.31,407,IDLE
22:01:15,18.88,54.39,499,190,2.22,19,18.92,41.87,559,337,4.06,29,,,,ERROR
22:02:15,20.12,35.98,464,445,1.87,10,18.5,30.62,520,122,3.72,4,19.12,37.4,599,PRINTING
22:03:15,19.89,56.69,579,284,0.99,28,26.7,33.44,406,68,4.03,35,21.75,37.52,494,PAUSED
22:04:15,26.81,38.46,423,171,0.75,30,18.15,34.83,444,352,2.72,42,26.93,44.56,423,PAUSED
22:05:15,24.19,44.36,446,499,1.92,12,19.28,59.97,516,161,1.34,11,21.72,59.15,466,PAUSED
22:06:15,22.44,50.91,567,334,2.7,38,19.02,52.53,549,495,4.08,17,23.7,40.76,516,IDLE
22:07:15,18.48,50.81,442,166,2.51,40,19.47,51.07,407,61,2.41,13,22.65,31.82,466,IDLE
22:08:15,21.94,41.68,452,277,0.88,18,18.82,50.77,530,342,2.61,31,18.01,30.83,382,IDLE
22:09:15,26.04,46.84,515,135,0.05,44,23.6,38.01,447,52,0.13,23,25.38,50.35,513,PAUSED
22:10:15,21.66,50.15,494,33,4.93,23,20.74,36.2,591,267,2.21,6,23.33,40.25,562,PAUSED
22:11:15,,,,,,,24.42,50.51,582,416,3.52,34,19.65,46.57,392,IDLE
22:12:15,22.32,57.63,529,325,1.41,14,,,,,,,21.46,31.93,485,IDLE
22:13:15,19.25,47.83,409,52,3.49,0,,,,,,,19.47,59.03,538,ERROR
22:14:15,24.13,36.45,543,131,4.9,49,24.53,47.86,455,347,4.44,47,24.53,38.88,575,PAUSED
22:15:15,21.02,33.81,518,392,1.8,49,,,,,,,22.35,41.04,454,PRINTING
22:16:15,18.46,55.33,426,198,1.42,39,18.81,38.43,511,157,4.08,23,26.41,45.97,498,PRINTING
22:17:15,20.9,49.56,427,81,0.01,8,,,,,,,21.02,43.85,484,PAUSED
22:18:15,22.67,50.75,483,292,1.25,33,18.04,30.85,463,326,3.49,37,21.42,31.29,598,PAUSED
22:19:15,19.46,41.24,456,286,4.19,11,,,,,,,24.66,57.53,432,ERROR
22:20:15,18.33,33.84,519,489,3.81,8,19.54,52.16,541,372,2.91,21,22.64,37.15,390,PAUSED
22:21:15,22.08,37.22,431,228,1.3,17,18.06,30.11,467,96,4.47,37,19.04,59.21,424,ERROR
22:22:15,19.05,40.79,535,427,3.18,39,24.34,55.81,394,21,1.82,43,22.24,56.06,437,PRINTING
22:23:15,26.88,34.65,380,352,1.75,19,25.18,33.8,462,402,4.23,35,18.59,30.16,459,PRINTING
22:24:15,27.19,36.61,514,448,4.35,17,24.21,51.84,563,231,1.8,29,,,,IDLE
22:25:15,25.92,35.27,413,40,0.5,26,27.28,49.02,512,250,1.37,27,19.91,33.68,482,ERROR
22:26:15,23.7,57.9,505,31,3.1,48,25.49,50.6,404,316,3.7,22,18.27,42.96,579,PRINTING
22:27:15,20.31,38.22,559,477,4.11,38,19.76,45.92,513,159,4.49,47,23.78,32.61,501,PRINTING
22:28:15,24.88,36.56,518,127,1.69,37,19.68,50.35,439,307,3.71,29,18.38,41.12,417,PRINTING
22:29:15,24.4,50.02,449,488,0.31,39,27.55,58.58,459,333,4.54,22,21.14,51.99,579,PRINTING
22:30:15,26.75,30.97,458,273,2.54,44,19.63,54.47,535,4,3.01,22,23.46,34.65,565,PAUSED
22:31:15,23.18,56.6,521,433,1.13,24,24.17,45.41,412,336,0.9,45,21.44,34.87,413,PAUSED
22:32:15,21.08,46.05,553,103,4.33,29,19.3,57.93,520,237,4.59,35,19.8,36.08,496,IDLE
22:33:15,25.11,35.43,533,220,4.87,13,24.8,31.14,583,31,3.46,7,,,,PRINTING
22:34:15,25.33,58.19,424,330,1.8,16,21.57,45.37,484,105,4.39,35,23.64,36.01,566,IDLE
22:35:15,23.98,54.68,506,365,4.53,9,22.71,51.53,550,198,1.38,19,25.76,44.58,539,ERROR
22:36:15,18.42,59.16,521,68,4.29,11,24.52,55.52,574,383,2.1,4,21.67,39.46,426,ERROR
22:37:15,23.32,42.57,493,299,0.63,16,18.46,40.26,461,310,0.51,29,25.19,35.39,560,IDLE
22:38:15,18.63,46.86,577,88,0.5,20,19.66,55.3,586,441,3.99,16,24.13,55.92,465,PAUSED
22:39:15,21.43,47.39,407,378,4.11,21,25.4,54.12,410,102,4.32,9,25.57,40.74,548,ERROR
22:40:15,22.07,36.95,493,80,2.64,41,22.08,47.81,573,82,1.24,33,27.67,35.42,473,PAUSED
22:41:15,19.63,49.71,567,384,2.5,11,26.69,53.38,536,178,0.75,49,24.79,38.28,421,PAUSED
22:42:15,26.41,56.85,591,415,2.31,41,25.19,36.52,515,411,2.01,44,25.26,36.34,427,IDLE
22:43:15,18.49,35.36,520,314,1.28,43,23.47,43.43,590,109,2.15,27,25.6,54.05,478,ERROR
22:44:15,19.67,39.17,509,484,0.45,30,25.23,50.61,487,96,2.73,1,18.84,30.4,450,IDLE
22:45:15,21.13,41.87,393,396,4.15,48,25.28,34.29,469,31,3.21,11,19.79,38.18,477,IDLE
22:46:15,19.12,39.54,468,18,0.11,43,18.93,45.7,538,194,2.67,40,22.92,37.81,578,ERROR
22:47:15,24.43,47.5,520,271,1.18,49,19.95,58.71,543,265,4.45,49,19.02,35.76,528,IDLE
22:48:15,19.39,57.03,486,379,1.98,30,24.3,37.12,427,420,4.51,23,18.68,50.57,473,ERROR
22:49:15,21.82,33.93,414,288,3.25,24,25.47,33.46,579,64,3.51,19,25.62,37.49,395,ERROR
22:50:15,22.58,51.78,433,490,1.84,8,20.08,49.03,393,420,4.79,39,20.24,39.86,571,IDLE
22:51:15,21.43,54.97,529,366,0.53,0,23.47,32.01,466,489,1.7,31,26.65,38.84,574,PAUSED
22:52:15,19.82,54.63,399,486,0.22,42,21.74,32.19,387,111,3.22,17,26.96,39.51,470,IDLE
22:53:15,26.65,36.98,473,441,0.84,48,26.54,51.47,391,447,0.35,21,18.12,40.73,453,ERROR
22:54:15,22.25,44.73,552,352,1.25,38,,,,,,,26.75,39.96,554,PRINTING
22:55:15,25.88,34.19,436,60,0.91,43,24.58,50.59,560,377,0.88,3,23.34,55.7,513,ERROR
22:56:15,21.88,46.92,460,283,1.23,43,26.8,38.15,383,309,0.91,40,27.76,30.18,402,ERROR
22:57:15,18.63,35.08,488,416,1.44,24,18.1,44.92,492,198,1.73,34,27.32,53.27,534,PRINTING
22:58:15,22.16,40.41,499,323,0.3,30,24.14,52.51,485,331,4.98,49,21.04,43.69,421,IDLE
22:59:15,19.0,41.97,420,297,4.2,5,19.58,48.66,474,81,3.86,31,27.38,39.46,394,PRINTING
23:00:15,20.36,30.87,400,492,1.7,39,26.48,45.98,451,180,1.27,24,23.11,47.83,592,ERROR
23:01:15,25.51,50.22,462,154,4.08,12,27.38,46.6,402,115,3.07,50,25.4,55.82,548,PRINTING
23:02:15,18.87,40.7,433,147,4.68,50,,,,,,,26.21,59.89,429,IDLE
23:03:15,25.29,31.1,398,372,4.39,6,,,,,,,23.97,50.28,564,PRINTING
23:04:15,25.84,31.51,452,88,0.52,47,18.41,41.85,562,408,3.15,13,26.5,47.35,482,IDLE
23:05:15,23.66,43.03,555,309,1.52,13,19.53,44.16,499,352,3.38,16,22.95,44.0,381,PAUSED
23:06:15,19.52,53.6,449,275,0.03,42,19.94,49.55,445,98,3.9,4,25.69,52.8,541,PAUSED
23:07:15,26.29,36.58,397,10,1.15,5,27.88,50.66,599,273,0.43,24,24.25,53.65,463,PAUSED
23:08:15,19.56,46.1,410,197,2.62,20,21.59,53.05,549,371,3.09,8,,,,PAUSED
23:09:15,23.23,38.79,474,428,2.49,1,23.69,37.19,508,183,3.58,39,27.41,47.99,537,IDLE
23:10:15,22.03,44.22,465,479,2.1,48,23.3,50.97,582,26,0.65,11,19.99,34.48,389,ERROR
23:11:15,23.46,55.93,587,493,2.41,31,27.14,57.49,594,89,3.4,0,20.29,55.93,512,ERROR
23:12:15,27.05,33.76,490,408,3.06,11,24.24,48.98,383,404,4.78,26,24.34,35.57,508,ERROR
23:13:15,22.12,54.55,567,397,0.64,39,23.01,35.48,453,253,0.81,3,22.82,31.84,540,ERROR
23:14:15,19.95,50.81,438,251,4.93,5,19.63,43.59,570,317,4.4,1,18.17,44.93,468,PRINTING
23:15:15,25.15,30.7,411,180,3.54,9,18.19,31.84,401,326,4.43,48,18.35,50.1,555,IDLE
23:16:15,21.94,46.92,468,365,1.66,18,25.67,36.55,424,424,0.56,42,18.79,36.96,591,ERROR
23:17:15,21.06,59.86,489,448,3.11,3,,,,,,,,,,ERROR
23:18:15,19.11,51.95,433,322,0.1,42,,,,,,,21.45,58.85,520,PAUSED
23:19:15,20.89,52.12,432,339,2.92,45,18.8,46.08,497,186,2.34,45,22.26,33.8,400,PAUSED
23:20:15,21.41,35.51,506,411,0.39,41,27.6,35.07,424,99,3.7,13,23.24,40.01,571,PRINTING
23:21:15,25.11,56.83,495,394,3.65,2,27.03,34.49,434,275,4.04,40,22.9,36.47,450,ERROR
23:22:15,21.05,48.92,570,160,3.09,49,23.32,53.33,551,427,2.36,44,25.31,59.12,481,PRINTING
23:23:15,23.44,41.96,533,6,4.31,25,19.45,39.84,399,123,4.76,9,25.01,34.25,426,PAUSED
23:24:15,22.8,54.76,506,57,0.56,14,18.42,46.94,526,315,4.06,10,23.68,46.25,418,IDLE
23:25:15,,,,,,,26.37,53.61,470,357,2.39,43,26.29,53.23,555,PAUSED
23:26:15,21.04,54.07,411,10,2.29,4,26.22,38.2,490,27,4.33,36,22.76,35.24,477,ERROR
23:27:15,26.49,50.5,393,49,2.46,32,21.94,47.35,504,448,4.41,24,26.69,41.91,441,ERROR
23:28:15,23.05,41.24,399,238,4.64,25,26.45,32.68,384,381,4.15,3,23.56,48.69,396,ERROR
23:29:15,22.82,46.0,416,292,4.11,14,22.57,45.2,416,307,4.06,20,19.81,55.06,408,PRINTING
23:30:15,25.22,32.5,600,134,2.48,46,26.19,48.09,559,373,1.01,11,18.4,36.85,511,PRINTING
23:31:15,21.9,50.5,446,3,2.61,50,26.59,38.96,484,460,2.58,29,23.87,50.03,453,ERROR
23:32:15,20.01,57.97,584,42,0.15,47,18.46,40.7,439,46,3.04,7,23.68,58.67,392,PRINTING
23:33:15,18.44,36.63,463,135,1.11,19,18.78,42.58,576,47,0.7,18,22.88,44.85,547,PRINTING
23:34:15,18.46,58.37,464,277,4.38,47,19.92,59.55,580,126,3.15,42,21.93,57.01,566,ERROR
23:35:15,27.51,55.63,490,339,0.82,9,23.27,49.59,479,266,0.63,2,20.3,57.09,451,ERROR
23:36:15,27.1,59.46,580,130,3.64,18,26.89,41.36,524,71,0.61,16,20.93,55.9,556,ERROR
23:37:15,24.52,53.46,464,432,4.16,6,22.81,35.17,429,260,0.26,43,18.44,30.98,547,ERROR
23:38:15,19.55,41.89,408,55,3.91,14,18.25,54.81,563,134,4.58,40,27.56,30.98,382,PRINTING


